[
  {
    "name": "Arcane Gate",
    "level": 6,
    "ritual": false,
    "school": "Conjuration",
    "casting_time": "1 action",
    "target": "A creature of your choice that you can see within range",
    "range": "500 feet",
    "components": "V, S",
    "duration": "(Concentration) Up to 10 minutes ",
    "classes": [
      "Sorcerer",
      "Warlock",
      "Wizard"
    ],
    "description": "You create linked teleportation portals that remain open for the duration. Choose two points on the ground that you can see, one point within 10 feet of you and one point within 500 feet of you. A circular portal, 10 feet in diameter, opens over each point. If the portal would open in the space occupied by a creature, the spell fails, and the casting is lost.\nThe portals are two-dimensional glowing rings filled with mist, hovering inches from the ground and perpendicular to it at the points you choose. A ring is visible only from one side (your choice), which is the side that functions as a portal.\nAny creature or object entering the portal exits from the other portal as if the two were adjacent to each other; passing through a portal from the nonportal side has no effect. The mist that fills each portal is opaque and blocks vision through it. On your turn, you can rotate the rings as a bonus action so that the active side faces in a different direction.\n",
    "higher_levels": "",
    "window_open": false
  },
  {
    "name": "Blade Barrier",
    "level": 6,
    "ritual": false,
    "school": "Evocation",
    "casting_time": "1 action",
    "target": "A creature of your choice that you can see within range",
    "range": "90 feet",
    "components": "V, S",
    "duration": "(Concentration) Up to 10 minutes ",
    "classes": [
      "Cleric"
    ],
    "description": "You create a vertical wall of whirling, razor-sharp blades made of magical energy. The wall appears within range and lasts for the duration. You can make a straight wall up to 100 feet long, 20 feet high, and 5 feet thick, or a ringed wall up to 60 feet in diameter, 20 feet high, and 5 feet thick. The wall provides three-quarters cover to creatures behind it, and its space is difficult terrain.\nWhen a creature enters the wall's area for the first time on a turn or starts its turn there, the creature must make a dexterity saving throw. On a failed save, the creature takes 6d10 slashing damage. On a successful save, the creature takes half as much damage.\n",
    "higher_levels": "",
    "window_open": false
  },
  {
    "name": "Bones of the Earth",
    "level": 6,
    "ritual": false,
    "school": "Transmutation",
    "casting_time": "1 action",
    "target": "A creature of your choice that you can see within range",
    "range": "120 feet",
    "components": "V, S",
    "duration": "Instantaneous",
    "classes": [
      "Druid"
    ],
    "description": "You cause up to six pillars of stone to burst from places on the ground that you can see within range. Each pillar is a cylinder that has a diameter of 5 feet and a height of up to 30 feet. The ground where a pillar appears must be wide enough for its diameter, and you can target ground under a creature if that creature is Medium or smaller. Each pillar has AC 5 and 30 hit points. When reduced to 0 hit points, a pillar crumbles into rubble, which creates an area of difficult terrain with a 10-foot radius. The rubble lasts until cleared.\nIf a pillar is created under a creature, that creature must succeed on a Dexterity saving throw or be lifted by the pillar. A creature can choose to fail the save.\nIf a pillar is prevented from reaching its full height because of a ceiling or other obstacle, a creature on the pillar takes 6d6 bludgeoning damage and is restrained, pinched between the pillar and the obstacle. The restrained creature can use an action to make a Strength or Dexterity check (the creature's choice) against the spell's saving throw DC. On a success, the creature is no longer restrained and must either move off the pillar or fall off it.\n",
    "higher_levels": "When you cast this spell using a spell slot of 7th level or higher, you can create two additional pillars for each slot level above 6th.\n",
    "window_open": false
  },
  {
    "name": "Chain Lightning",
    "level": 6,
    "ritual": false,
    "school": "Evocation",
    "casting_time": "1 action",
    "target": "A creature of your choice that you can see within range",
    "range": "150 feet",
    "components": "V, S, M",
    "duration": "Instantaneous",
    "classes": [
      "Sorcerer",
      "Wizard"
    ],
    "description": "You create a bolt of lightning that arcs toward a target of your choice that you can see within range. Three bolts then leap from that target to as many as three other targets, each of which must be within 30 feet of the first target. A target can be a creature or an object and can be targeted by only one of the bolts.\nA target must make a dexterity saving throw. The target takes 10d8 lightning damage on a failed save, or half as much damage on a successful one.\n",
    "higher_levels": "When you cast this spell using a spell slot of 7th level or higher, one additional bolt leaps from the first target to another target for each slot level above 6th.\n",
    "window_open": false
  },
  {
    "name": "Circle of Death",
    "level": 6,
    "ritual": false,
    "school": "Necromancy",
    "casting_time": "1 action",
    "target": "A creature of your choice that you can see within range",
    "range": "150 feet",
    "components": "V, S, M",
    "duration": "Instantaneous",
    "classes": [
      "Sorcerer",
      "Warlock",
      "Wizard"
    ],
    "description": "A sphere of negative energy ripples out in a 60-footradius sphere from a point within range. Each creature in that area must make a constitution saving throw. A target takes 8d6 necrotic damage on a failed save, or half as much damage on a successful one.\n",
    "higher_levels": "When you cast this spell using a spell slot of 7th level or higher, the damage increases by 2d6 for each slot level above 6th.\n",
    "window_open": false
  },
  {
    "name": "Conjure Fey",
    "level": 6,
    "ritual": false,
    "school": "Conjuration",
    "casting_time": "1 minute",
    "target": "A creature of your choice that you can see within range",
    "range": "90 feet",
    "components": "V, S",
    "duration": "(Concentration) Up to 1 hour ",
    "classes": [
      "Druid",
      "Warlock"
    ],
    "description": "You summon a fey creature of challenge rating 6 or lower, or a fey spirit that takes the form of a beast of challenge rating 6 or lower. It appears in an unoccupied space that you can see within range. The fey creature disappears when it drops to 0 hit points or when the spell ends.\nThe fey creature is friendly to you and your companions for the duration. Roll initiative for the creature, which has its own turns. It obeys any verbal commands that you issue to it (no action required by you), as long as they don't violate its alignment. If you don't issue any commands to the fey creature, it defends itself from hostile creatures but otherwise takes no actions.\nIf your concentration is broken, the fey creature doesn't disappear. Instead, you lose control of the fey creature, it becomes hostile toward you and your companions, and it might attack. An uncontrolled fey creature can't be dismissed by you, and it disappears 1 hour after you summoned it.\nThe DM has the fey creature's statistics.\n",
    "higher_levels": "When you cast this spell using a spell slot of 7th level or higher, the challenge rating increases by 1 for each slot level above 6th.\n",
    "window_open": false
  },
  {
    "name": "Contingency",
    "level": 6,
    "ritual": false,
    "school": "Evocation",
    "casting_time": "10 minutes",
    "target": "A creature of your choice that you can see within range",
    "range": "Self",
    "components": "V, S, M",
    "duration": "10 days",
    "classes": [
      "Wizard"
    ],
    "description": "Choose a spell of 5th level or lower that you can cast, that has a casting time of 1 action, and that can target you. You cast that spell\u00e2\u20ac\u201dcalled the contingent spell\u00e2\u20ac\u201das part of casting contingency, expending spell slots for both, but the contingent spell doesn't come into effect. Instead, it takes effect when a certain circumstance occurs. You describe that circumstance when you cast the two spells. For example, a contingency cast with water breathing might stipulate that water breathing comes into effect when you are engulfed in water or a similar liquid. \nThe contingent spell takes effect immediately after the circumstance is met for the first time, whether or not you want it to. and then contingency ends.\nThe contingent spell takes effect only on you, even if it can normally target others. You can use only one contingency spell at a time. If you cast this spell again, the effect of another contingency spell on you ends. Also, contingency ends on you if its material component is ever not on your person.\n",
    "higher_levels": "",
    "window_open": false
  },
  {
    "name": "Create Undead",
    "level": 6,
    "ritual": false,
    "school": "Necromancy",
    "casting_time": "1 minute",
    "target": "A creature of your choice that you can see within range",
    "range": "10 feet",
    "components": "V, S, M",
    "duration": "Instantaneous",
    "classes": [
      "Cleric",
      "Warlock",
      "Wizard"
    ],
    "description": "You can cast this spell only at night. Choose up to three corpses of Medium or Small humanoids within range. Each corpse becomes a ghoul under your control. (The DM has game statistics for these creatures.)\nAs a bonus action on each of your turns, you can mentally command any creature you animated with this spell if the creature is within 120 feet of you (if you control multiple creatures, you can command any or all of them at the same time, issuing the same command to each one). You decide what action the creature will take and where it will move during its next turn, or you can issue a general command, such as to guard a particular chamber or corridor. If you issue no commands, the creature only defends itself against hostile creatures. Once given an order, the creature continues to follow it until its task is complete.\nThe creature is under your control for 24 hours, after which it stops obeying any command you have given it. To maintain control of the creature for another 24 hours, you must cast this spell on the creature before the current 24-hour period ends. This use of the spell reasserts your control over up to three creatures you have animated with this spell, rather than animating new ones.\n",
    "higher_levels": "When you cast this spell using a 7th-level spell slot, you can animate or reassert control over four ghouls. When you cast this spell using an 8th-level spell slot, you can animate or reassert control over five ghouls or two ghasts or wights. When you cast this spell using a 9th-level spell slot, you can animate or reassert control over six ghouls, three ghasts or wights, or two mummies.\n",
    "window_open": false
  },
  {
    "name": "Disintegrate",
    "level": 6,
    "ritual": false,
    "school": "Transmutation",
    "casting_time": "1 action",
    "target": "A creature of your choice that you can see within range",
    "range": "60 feet",
    "components": "V, S, M",
    "duration": "Instantaneous",
    "classes": [
      "Sorcerer",
      "Wizard"
    ],
    "description": "A thin green ray springs from your pointing finger to a target that you can see within range. The target can be a creature, an object, or a creation of magical force, such as the wall created by wall of force.\nA creature targeted by this spell must make a dexterity saving throw. On a failed save, the target takes 10d6 + 40 force damage. If this damage reduces the target to 0 hit points, it is disintegrated.\nA disintegrated creature and everything it is wearing and carrying, except magic items, are reduced to a pile of fine gray dust. The creature can be restored to life only by means of a true resurrection or a wish spell.\nThis spell automatically disintegrates a Large or smaller nonmagical object or a creation of magical force. If the target is a Huge or larger object or creation of force, this spell disintegrates a 10-foot-cube portion of it. A magic item is unaffected by this spell.\n",
    "higher_levels": "When you cast this spell using a spell slot of 7th level or higher, the damage increases by 3d6 for each slot level above 6th.\n",
    "window_open": false
  },
  {
    "name": "Drawmij's Instant Summons",
    "level": 6,
    "ritual": true,
    "school": "Conjuration",
    "casting_time": "1 minute",
    "target": "A creature of your choice that you can see within range",
    "range": "Touch",
    "components": "V, S, M",
    "duration": "Until dispelled",
    "classes": [
      "Wizard"
    ],
    "description": "You touch an object weighing 10 pounds or less whose longest dimension is 6 feet or less. The spell leaves an invisible mark on its surface and invisibly inscribes the name of the item on the sapphire you use as the material component. Each time you cast this spell, you must use a different sapphire.\nAt any time thereafter, you can use your action to speak the item's name and crush the sapphire. The item instantly appears in your hand regardless of physical or planar distances, and the spell ends.\nIf another creature is holding or carrying the item, crushing the sapphire doesn't transport the item to you, but instead you learn who the creature possessing the object is and roughly where that creature is located at that moment.\nDispel magic or a similar effect successfully applied to the sapphire ends this spell's effect.\n",
    "higher_levels": "",
    "window_open": false
  },
  {
    "name": "Eyebite",
    "level": 6,
    "ritual": false,
    "school": "Necromancy",
    "casting_time": "1 action",
    "target": "A creature of your choice that you can see within range",
    "range": "Self",
    "components": "V, S",
    "duration": "(Concentration) Up to 1 minute ",
    "classes": [
      "Bard",
      "Sorcerer",
      "Warlock",
      "Wizard"
    ],
    "description": "For the spell's duration, your eyes become an inky void imbued with dread power. One creature of your choice within 60 feet of you that you can see must succeed on a wisdom saving throw or be affected by one of the following effects of your choice for the duration. On each of your turns until the spell ends, you can use your action to target another creature but can't target a creature again if it has succeeded on a saving throw against this casting of eyebite.\n<b>Asleep.</b> The target falls unconscious. It wakes up if it takes any damage or if another creature uses its action to shake the sleeper awake.\n<b>Panicked.</b> The target is frightened of you. On each of its turns, the frightened creature must take the Dash action and move away from you by the safest and shortest available route, unless there is nowhere to move. If the target moves to a place at least 60 feet away from you where it can no longer see you, this effect ends.\n<b>Sickened.</b> The target has disadvantage on attack rolls and ability checks. At the end of each of its turns, it can make another wisdom saving throw. If it succeeds, the effect ends.\n",
    "higher_levels": "",
    "window_open": false
  },
  {
    "name": "Find the Path",
    "level": 6,
    "ritual": false,
    "school": "Divination",
    "casting_time": "1 minute",
    "target": "A creature of your choice that you can see within range",
    "range": "Self",
    "components": "V, S, M",
    "duration": "(Concentration) Up to 24 hours ",
    "classes": [
      "Bard",
      "Cleric",
      "Druid"
    ],
    "description": "This spell allows you to find the shortest, most direct physical route to a specific fixed location that you are familiar with on the same plane of existence. If you name a destination on another plane of existence, a destination that moves (such as a mobile fortress), or a destination that isn't specific (such as \u00e2\u20ac\u015ba green dragon's lair\u00e2\u20ac\u0165), the spell fails.\nFor the duration, as long as you are on the same plane of existence as the destination, you know how far it is and in what direction it lies. While you are traveling there, whenever you are presented with a choice of paths along the way, you automatically determine which path is the shortest and most direct route (but not necessarily the safest route) to the destination.\n",
    "higher_levels": "",
    "window_open": false
  },
  {
    "name": "Flesh to Stone",
    "level": 6,
    "ritual": false,
    "school": "Transmutation",
    "casting_time": "1 action",
    "target": "A creature of your choice that you can see within range",
    "range": "60 feet",
    "components": "V, S, M",
    "duration": "(Concentration) Up to 1 minute ",
    "classes": [
      "Warlock",
      "Wizard"
    ],
    "description": "You attempt to turn one creature that you can see within range into stone. If the target's body is made of flesh, the creature must make a constitution saving throw. On a failed save, it is restrained as its flesh begins to harden. On a successful save, the creature isn't affected.\nA creature restrained by this spell must make another constitution saving throw at the end of each of its turns. If it successfully saves against this spell three times, the spell ends. If it fails its saves three times, it is turned to stone and subjected to the petrified condition for the duration. The successes and failures don't need to be consecutive; keep track of both until the target collects three of a kind.\nIf the creature is physically broken while petrified, it suffers from similar deformities if it reverts to its original state.\nIf you maintain your concentration on this spell for the entire possible duration, the creature is turned to stone until the effect is removed.\n",
    "higher_levels": "",
    "window_open": false
  },
  {
    "name": "Forbiddance",
    "level": 6,
    "ritual": true,
    "school": "Abjuration",
    "casting_time": "10 minutes",
    "target": "A creature of your choice that you can see within range",
    "range": "Touch",
    "components": "V, S, M",
    "duration": "24 hours",
    "classes": [
      "Cleric"
    ],
    "description": "You create a ward against magical travel that protects up to 40,000 square feet of floor space to a height of 30 feet above the floor. For the duration, creatures can't teleport into the area or use portals, such as those created by the gate spell, to enter the area. The spell proofs the area against planar travel, and therefore prevents creatures from accessing the area by way of the Astral Plane, Ethereal Plane, Feywild, Shadowfell, or the plane shift spell.\nIn addition, the spell damages types of creatures that you choose when you cast it. Choose one or more of the following: celestials, elementals, fey, fiends, and undead. When a chosen creature enters the spell's area for the first time on a turn or starts its turn there, the creature takes 5d10 radiant or necrotic damage (your choice when you cast this spell).\nWhen you cast this spell, you can designate a password. A creature that speaks the password as it enters the area takes no damage from the spell.\nThe spell's area can't overlap with the area of another forbiddance spell. If you cast forbiddance every day for 30 days in the same location, the spell lasts until it is dispelled, and the material components are consumed on the last casting.\n",
    "higher_levels": "",
    "window_open": false
  },
  {
    "name": "Globe of Invulnerability",
    "level": 6,
    "ritual": false,
    "school": "Abjuration",
    "casting_time": "1 action",
    "target": "A creature of your choice that you can see within range",
    "range": "Self",
    "components": "V, S, M",
    "duration": "(Concentration) Up to 1 minute ",
    "classes": [
      "Sorcerer",
      "Wizard"
    ],
    "description": "An immobile, faintly shimmering barrier springs into existence in a 10-foot radius around you and remains for the duration.\nAny spell of 5th level or lower cast from outside the barrier can't affect creatures or objects within it, even if the spell is cast using a higher level spell slot. Such a spell can target creatures and objects within the barrier, but the spell has no effect on them. Similarly, the area within the barrier is excluded from the areas affected by such spells.\n",
    "higher_levels": "When you cast this spell using a spell slot of 7th level or higher, the barrier blocks spells of one level higher for each slot level above 6th.\n",
    "window_open": false
  },
  {
    "name": "Guards and Wards",
    "level": 6,
    "ritual": false,
    "school": "Abjuration",
    "casting_time": "10 minutes",
    "target": "A creature of your choice that you can see within range",
    "range": "Touch",
    "components": "V, S, M",
    "duration": "24 hours",
    "classes": [
      "Bard",
      "Wizard"
    ],
    "description": "You create a ward that protects up to 2,500 square feet of floor space (an area 50 feet square, or one hundred 5-foot squares or twenty-five 10-foot squares). The warded area can be up to 20 feet tall, and shaped as you desire. You can ward several stories of a stronghold by dividing the area among them, as long as you can walk into each contiguous area while you are casting the spell.\nWhen you cast this spell, you can specify individuals that are unaffected by any or all of the effects that you choose. You can also specify a password that, when spoken aloud, makes the speaker immune to these effects.\nGuards and wards creates the following effects within the warded area.\n<b>Corridors.</b> Fog fills all the warded corridors, making them heavily obscured. In addition, at each intersection or branching passage offering a choice of direction, there is a 50 percent chance that a creature other than you will believe it is going in the opposite direction from the one it chooses.\n<b>Doors.</b> All doors in the warded area are magically locked, as if sealed by an arcane lock spell. In addition, you can cover up to ten doors with an illusion (equivalent to the illusory object function of the minor illusion spell) to make them appear as plain sections of wall. \n<b>Stairs.</b> Webs fill all stairs in the warded area from top to bottom, as the web spell. These strands regrow in 10 minutes if they are burned or torn away while guards and wards lasts.\n<b>Other Spell Effect.</b> You can place your choice of one of the following magical effects within the warded area of the stronghold.\n- Place dancing lights in four corridors. You can design nate a simple program that the lights repeat as long as guards and wards lasts.\n- Place magic mouth in two locations.\n- Place stinking cloud in two locations. The vapors appear in the places you designate; they return within 10 minutes if dispersed by wind while guards and wards lasts.\n- Place a constant gust of wind in one corridor or room.\n- Place a suggestion in one location. You select an area of up to 5 feet square, and any creature that enters or passes through the area receives the suggestion mentally.\nThe whole warded area radiates magic. A dispel magic cast on a specific effect, if successful, removes only that effect.\nYou can create a permanently guarded and warded structure by casting this spell there every day for one year.\n",
    "higher_levels": "",
    "window_open": false
  },
  {
    "name": "Harm",
    "level": 6,
    "ritual": false,
    "school": "Necromancy",
    "casting_time": "1 action",
    "target": "A creature of your choice that you can see within range",
    "range": "60 feet",
    "components": "V, S",
    "duration": "Instantaneous",
    "classes": [
      "Cleric"
    ],
    "description": "You unleash a virulent disease on a creature that you can see within range. The target must make a constitution saving throw. On a failed save, it takes 14d6 necrotic damage, or half as much damage on a successful save. The damage can't reduce the target's hit points below 1. If the target fails the saving throw, its hit point maximum is reduced for 1 hour by an amount equal to the necrotic damage it took. Any effect that removes a disease allows a creature's hit point maximum to return to normal before that time passes.\n",
    "higher_levels": "",
    "window_open": false
  },
  {
    "name": "Heal",
    "level": 6,
    "ritual": false,
    "school": "Evocation",
    "casting_time": "1 action",
    "target": "A creature of your choice that you can see within range",
    "range": "60 feet",
    "components": "V, S",
    "duration": "Instantaneous",
    "classes": [
      "Cleric",
      "Druid"
    ],
    "description": "Choose a creature that you can see within range. A surge of positive energy washes through the creature, causing it to regain 70 hit points. This spell also ends blindness, deafness, and any diseases affecting the target. This spell has no effect on constructs or undead.\n",
    "higher_levels": "When you cast this spell using a spell slot of 7th level or higher, the amount of healing increases by 10 for each slot level above 6th.\n",
    "window_open": false
  },
  {
    "name": "Heroes' Feast",
    "level": 6,
    "ritual": false,
    "school": "Conjuration",
    "casting_time": "10 minutes",
    "target": "A creature of your choice that you can see within range",
    "range": "30 feet",
    "components": "V, S, M",
    "duration": "Instantaneous",
    "classes": [
      "Cleric",
      "Druid"
    ],
    "description": "You bring forth a great feast, including magnificent food and drink. The feast takes 1 hour to consume and disappears at the end of that time, and the beneficial effects don't set in until this hour is over. Up to twelve other creatures can partake of the feast.\nA creature that partakes of the feast gains several benefits. The creature is cured of all diseases and poison, becomes immune to poison and being frightened, and makes all wisdom saving throws with advantage. Its hit point maximum also increases by 2d10, and it gains the same number of hit points. These benefits last for 24 hours.\n",
    "higher_levels": "",
    "window_open": false
  },
  {
    "name": "Investiture of Flame",
    "level": 6,
    "ritual": false,
    "school": "Transmutation",
    "casting_time": "1 action",
    "target": "A creature of your choice that you can see within range",
    "range": "Self",
    "components": "V, S",
    "duration": "(Concentration) Up to 10 minutes ",
    "classes": [
      "Druid",
      "Sorcerer",
      "Warlock",
      "Wizard"
    ],
    "description": "Flames race across your body, shedding bright light in a 30-foot radius and dim light for an additional 30 feet for the spell's duration. The flames don't harm you. Until the spell ends, you gain the following benefits:\n- You are immune to fire damage and have resistance to cold damage.\n- Any creature that moves within 5 feet of you for the first time on a turn or ends its turn there takes 1d10 fire damage.\n- You can use your action to create a line of fire 15 feet long and 5 feet wide extending from you in a direction you choose. Each creature in the line must make a Dexterity saving throw. A creature takes 4d8 fire damage on a failed save, or half as much damage on a successful one.\n",
    "higher_levels": "",
    "window_open": false
  },
  {
    "name": "Investiture of Ice",
    "level": 6,
    "ritual": false,
    "school": "Transmutation",
    "casting_time": "1 action",
    "target": "A creature of your choice that you can see within range",
    "range": "Self",
    "components": "V, S",
    "duration": "(Concentration) Up to 10 minutes ",
    "classes": [
      "Druid",
      "Sorcerer",
      "Warlock",
      "Wizard"
    ],
    "description": "Until the spell ends, ice rimes your body, and you gain the following benefits:\n- You are immune to cold damage and have resistance to fire damage.\n- You can move across difficult terrain created by ice or snow without spending extra movement.\n- The ground in a 10-foot radius around you is icy and is difficult terrain for creatures other than you. The radius moves with you.\n- You can use your action to create a 15-foot cone of freezing wind extending from your outstretched hand in a direction you choose. Each creature in the cone must make a Constitution saving throw. A creature takes 4d6 cold damage on a failed save, or half as much damage on a successful one. A creature that fails its save against this effect has its speed halved until the start of your next turn.\n",
    "higher_levels": "",
    "window_open": false
  },
  {
    "name": "Investiture of Stone",
    "level": 6,
    "ritual": false,
    "school": "Transmutation",
    "casting_time": "1 action",
    "target": "A creature of your choice that you can see within range",
    "range": "Self",
    "components": "V, S",
    "duration": "(Concentration) Up to 10 minutes ",
    "classes": [
      "Druid",
      "Sorcerer",
      "Warlock",
      "Wizard"
    ],
    "description": "Until the spell ends, bits of rock spread across your body, and you gain the following benefits:\n- You have resistance to bludgeoning, piercing, and slashing damage from nonmagical weapons.\n- You can use your action to create a small earthquake on the ground in a 15-foot radius centered on you. Other creatures on that ground must succeed on a Dexterity saving throw or be knocked prone.\n- You can move across difficult terrain made of earth or stone without spending extra movement. You can move through solid earth or stone as if it was air and without destabilizing it, but you can't end your movement there. If you do so, you are ejected to the nearest unoccupied space, this spell ends, and you are stunned until the end of your next turn.\n",
    "higher_levels": "",
    "window_open": false
  },
  {
    "name": "Investiture of Wind",
    "level": 6,
    "ritual": false,
    "school": "Transmutation",
    "casting_time": "1 action",
    "target": "A creature of your choice that you can see within range",
    "range": "Self",
    "components": "V, S",
    "duration": "(Concentration) Up to 10 minutes ",
    "classes": [
      "Druid",
      "Sorcerer",
      "Warlock",
      "Wizard"
    ],
    "description": "Until the spell ends, wind whirls around you, and you gain the following benefits:\n- Ranged weapon attacks made against you have disadvantage on the attack roll.\n- You gain a flying speed of 60 feet. If you are still flying when the spell ends, you fall, unless you can somehow prevent it.\n- You can use your action to create a 15-foot cube of swirling wind centered on a point you can see within 60 feet of you. Each creature in that area must make a Constitution saving throw. A creature takes 2d10 bludgeoning damage on a failed save, or half as much damage on a successful one. If a Large or smaller creature fails the save, that creature is also pushed up to 10 feet away from the center of the cube.\n",
    "higher_levels": "",
    "window_open": false
  },
  {
    "name": "Magic Jar",
    "level": 6,
    "ritual": false,
    "school": "Necromancy",
    "casting_time": "1 minute",
    "target": "A creature of your choice that you can see within range",
    "range": "Self",
    "components": "V, S, M",
    "duration": "Until dispelled",
    "classes": [
      "Wizard"
    ],
    "description": "Your body falls into a catatonic state as your soul leaves it and enters the container you used for the spell's material component. While your soul inhabits the container, you are aware of your surroundings as if you were in the container's space. You can't move or use reactions. The only action you can take is to project your soul up to 100 feet out of the container, either returning to your living body (and ending the spell) or attempting to possess a humanoids body.\nYou can attempt to possess any humanoid within 100 feet of you that you can see (creatures warded by a protection from evil and good or magic circle spell can't be possessed). The target must make a charisma saving throw. On a failure, your soul moves into the target's body, and the target's soul becomes trapped in the container. On a success, the target resists your efforts to possess it, and you can't attempt to possess it again for 24 hours.\nOnce you possess a creature's body, you control it. Your game statistics are replaced by the statistics of the creature, though you retain your alignment and your Intelligence, Wisdom, and Charisma scores. You retain the benefit of your own class features. If the target has any class levels, you can't use any of its class features.\nMeanwhile, the possessed creature's soul can perceive from the container using its own senses, but it can't move or take actions at all.\nWhile possessing a body, you can use your action to return from the host body to the container if it is within 100 feet of you, returning the host creature's soul to its body. If the host body dies while you're in it, the creature dies, and you must make a charisma saving throw against your own spellcasting DC. On a success, you return to the container if it is within 100 feet of you. Otherwise, you die.\nIf the container is destroyed or the spell ends, your soul immediately returns to your body. If your body is more than 100 feet away from you or if your body is dead when you attempt to return to it, you die. If another creature's soul is in the container when it is destroyed, the creature's soul returns to its body if the body is alive and within 100 feet. Otherwise, that creature dies.\nWhen the spell ends, the container is destroyed.\n",
    "higher_levels": "",
    "window_open": false
  },
  {
    "name": "Mass Suggestion",
    "level": 6,
    "ritual": false,
    "school": "Enchantment",
    "casting_time": "1 action",
    "target": "A creature of your choice that you can see within range",
    "range": "60 feet",
    "components": "V, M",
    "duration": "24 hours",
    "classes": [
      "Bard",
      "Sorcerer",
      "Warlock",
      "Wizard"
    ],
    "description": "You suggest a course of activity (limited to a sentence or two) and magically influence up to twelve creatures of your choice that you can see within range and that can hear and understand you. Creatures that can't be charmed are immune to this effect. The suggestion must be worded in such a manner as to make the course of action sound reasonable. Asking the creature to stab itself, throw itself onto a spear, immolate itself, or do some other obviously harmful act automatically negates the effect of the spell.\nEach target must make a wisdom saving throw. On a failed save, it pursues the course of action you described to the best of its ability. The suggested course of action can continue for the entire duration. If the suggested activity can be completed in a shorter time, the spell ends when the subject finishes what it was asked to do.\nYou can also specify conditions that will trigger a special activity during the duration. For example, you might suggest that a group of soldiers give all their money to the first beggar they meet. If the condition isn't met before the spell ends, the activity isn't performed.\nIf you or any of your companions damage a creature affected by this spell, the spell ends for that creature.\n",
    "higher_levels": "When you cast this spell using a 7th-level spell slot, the duration is 10 days. When you use an 8th-level spell slot, the duration is 30 days. When you use a 9th-level spell slot, the duration is a year and a day.\n",
    "window_open": false
  },
  {
    "name": "Move Earth",
    "level": 6,
    "ritual": false,
    "school": "Transmutation",
    "casting_time": "1 action",
    "target": "A creature of your choice that you can see within range",
    "range": "120 feet",
    "components": "V, S, M",
    "duration": "(Concentration) Up to 2 hours ",
    "classes": [
      "Druid",
      "Sorcerer",
      "Wizard"
    ],
    "description": "Choose an area of terrain no larger than 40 feet on a side within range. You can reshape dirt, sand, or clay in the area in any manner you choose for the duration. You can raise or lower the area's elevation, create or fill in a trench, erect or flatten a wall, or form a pillar. The extent of any such changes can't exceed half the area's largest dimension. So, if you affect a 40-foot square, you can create a pillar up to 20 feet high, raise or lower the square's elevation by up to 20 feet, dig a trench up to 20 feet deep, and so on. It takes 10 minutes for these changes to complete.\nAt the end of every 10 minutes you spend concentrating on the spell, you can choose a new area of terrain to affect.\nBecause the terrain's transformation occurs slowly, creatures in the area can't usually be trapped or injured by the ground's movement.\nThis spell can't manipulate natural stone or stone construction. Rocks and structures shift to accommodate the new terrain. If the way you shape the terrain would make a structure unstable, it might collapse.\nSimilarly, this spell doesn't directly affect plant growth. The moved earth carries any plants along with it.\n",
    "higher_levels": "",
    "window_open": false
  },
  {
    "name": "Otiluke's Freezing Sphere",
    "level": 6,
    "ritual": false,
    "school": "Evocation",
    "casting_time": "1 action",
    "target": "A creature of your choice that you can see within range",
    "range": "300 feet",
    "components": "V, S, M",
    "duration": "Instantaneous",
    "classes": [
      "Wizard"
    ],
    "description": "A frigid globe of cold energy streaks from your fingertips to a point of your choice within range, where it explodes in a 60-foot-radius sphere. Each creature within the area must make a constitution saving throw. On a failed save, a creature takes 10d6 cold damage. On a successful save, it takes half as much damage.\nIf the globe strikes a body of water or a liquid that is principally water (not including water-based creatures), it freezes the liquid to a depth of 6 inches over an area 30 feet square. This ice lasts for 1 minute. Creatures that were swimming on the surface of frozen water are trapped in the ice. A trapped creature can use an action to make a Strength check against your spell save DC to break free.\nYou can refrain from firing the globe after completing the spell, if you wish. A small globe about the size of a sling stone, cool to the touch, appears in your hand. At any time, you or a creature you give the globe to can throw the globe (to a range of 40 feet) or hurl it with a sling (to the sling's normal range). It shatters on impact, with the same effect as the normal casting of the spell. You can also set the globe down without shattering it. After 1 minute, if the globe hasn't already shattered, it explodes.\n",
    "higher_levels": "When you cast this spell using a spell slot of 7th level or higher, the damage increases by 1d6 for each slot level above 6th.\n",
    "window_open": false
  },
  {
    "name": "Otto's Irresistible Dance",
    "level": 6,
    "ritual": false,
    "school": "Enchantment",
    "casting_time": "1 action",
    "target": "A creature of your choice that you can see within range",
    "range": "30 feet",
    "components": "V",
    "duration": "(Concentration) Up to 1 minute ",
    "classes": [
      "Bard",
      "Wizard"
    ],
    "description": "Choose one creature that you can see within range. The target begins a comic dance in place: shuffling, tapping its feet, and capering for the duration. Creatures that can't be charmed are immune to this spell.\nA dancing creature must use all its movement to dance without leaving its space and has disadvantage on dexterity saving throws and attack rolls. While the target is affected by this spell, other creatures have advantage on attack rolls against it. As an action, a dancing creature makes a wisdom saving throw to regain control of itself. On a successful save, the spell ends.\n",
    "higher_levels": "",
    "window_open": false
  },
  {
    "name": "Permanent Image",
    "level": 6,
    "ritual": false,
    "school": "Illusion",
    "casting_time": "1 action",
    "target": "A creature of your choice that you can see within range",
    "range": "120 feet",
    "components": "V, S, M",
    "duration": "Until dispelled",
    "classes": [
      "Bard",
      "Sorcerer",
      "Warlock",
      "Wizard"
    ],
    "description": "You create the image of an object, a creature, or some other visible phenomenon that is no larger than a 20-foot cube. The image appears at a spot that you can see within range and lasts until dispelled. It seems completely real, including sounds, smells, and temperature appropriate to the thing depicted. You can't create sufficient heat or cold to cause damage, a sound loud enough to deal thunder damage or deafen a creature, or a smell that might sicken a creature (like a troglodyte's stench).\nAs long as you are within range of the illusion, you can use your action to cause the image to move to any other spot within range. As the image changes location, you can alter its appearance so that its movements appear natural for the image. For example, if you create an image of a creature and move it, you can alter the image so that it appears to be walking. Similarly, you can cause the illusion to make different sounds at different times, even making it carry on a conversation, for example.\nPhysical interaction with the image reveals it to be an illusion, because things can pass through it. A creature that uses its action to examine the image can determine that it is an illusion with a successful Intelligence (Investigation) check against your spell save DC. If a creature discerns the illusion for what it is, the creature can see through the image, and its other sensory qualities become faint to the creature.\n",
    "higher_levels": "",
    "window_open": false
  },
  {
    "name": "Planar Ally",
    "level": 6,
    "ritual": false,
    "school": "Conjuration",
    "casting_time": "10 minutes",
    "target": "A creature of your choice that you can see within range",
    "range": "60 feet",
    "components": "V, S",
    "duration": "Instantaneous",
    "classes": [
      "Cleric"
    ],
    "description": "You beseech an otherworldly entity for aid. The being must be known to you: a god, a primordial, a demon prince, or some other being of cosmic power. That entity sends a celestial, an elemental, or a fiend loyal to it to aid you, making the creature appear in an unoccupied space within range. If you know a specific creature's name, you can speak that name when you cast this spell to request that creature, though you might get a different creature anyway (DM's choice).\nWhen the creature appears, it is under no compulsion to behave in any particular way. You can ask the creature to perform a service in exchange for payment, but it isn't obliged to do so. The requested task could range from simple (fly us across the chasm, or help us fight a battle) to complex (spy on our enemies, or protect us during our foray into the dungeon). You must be able to communicate with the creature to bargain for its services.\nPayment can take a variety of forms. A celestial might require a sizable donation of gold or magic items to an allied temple, while a fiend might demand a living sacrifice or a gift of treasure. Some creatures might exchange their service for a quest undertaken by you.\nAs a rule of thumb, a task that can be measured in minutes requires a payment worth 100 gp per minute. A task measured in hours requires 1,000 gp per hour. And a task measured in days (up to 10 days) requires 10,000 gp per day. The DM can adjust these payments based on the circumstances under which you cast the spell. If the task is aligned with the creature's ethos, the payment might be halved or even waived. Nonhazardous tasks typically require only half the suggested payment, while especially dangerous tasks might require a greater gift. Creatures rarely accept tasks that seem suicidal.\nAfter the creature completes the task, or when the agreed-upon duration of service expires, the creature returns to its home plane after reporting back to you, if appropriate to the task and if possible. If you are unable to agree on a price for the creature's service, the creature immediately returns to its home plane.\nA creature enlisted to join your group counts as a member of it, receiving a full share of experience points awarded.\n",
    "higher_levels": "",
    "window_open": false
  },
  {
    "name": "Primordial Ward",
    "level": 6,
    "ritual": false,
    "school": "Abjuration",
    "casting_time": "1 action",
    "target": "A creature of your choice that you can see within range",
    "range": "Self",
    "components": "V, S",
    "duration": "(Concentration) Up to 1 minute ",
    "classes": [
      "Druid"
    ],
    "description": "You have resistance to acid, cold, fire, lightning, and thunder damage for the spell's duration.\nWhen you take damage of one of those types, you can use your reaction to gain immunity to that type of damage, including against the triggering damage. If you do so, the resistances end, and you have the immunity until the end of your next turn, at which time the spell ends.\n",
    "higher_levels": "",
    "window_open": false
  },
  {
    "name": "Programmed Illusion",
    "level": 6,
    "ritual": false,
    "school": "Illusion",
    "casting_time": "1 action",
    "target": "A creature of your choice that you can see within range",
    "range": "120 feet",
    "components": "V, S, M",
    "duration": "Until dispelled",
    "classes": [
      "Bard",
      "Wizard"
    ],
    "description": "You create an illusion of an object, a creature, or some other visible phenomenon within range that activates when a specific condition occurs. The illusion is imperceptible until then. It must be no larger than a 30-foot cube, and you decide when you cast the spell how the illusion behaves and what sounds it makes. This scripted performance can last up to 5 minutes.\nWhen the condition you specify occurs, the illusion springs into existence and performs in the manner you described. Once the illusion finishes performing, it disappears and remains dormant for 10 minutes. After this time, the illusion can be activated again.\nThe triggering condition can be as general or as detailed as you like, though it must be based on visual or audible conditions that occur within 30 feet of the area. For example, you could create an illusion of yourself to appear and warn off others who attempt to open a trapped door, or you could set the illusion to trigger only when a creature says the correct word or phrase.\nPhysical interaction with the image reveals it to be an illusion, because things can pass through it. A creature that uses its action to examine the image can determine that it is an illusion with a successful Intelligence (Investigation) check against your spell save DC. If a creature discerns the illusion for what it is, the creature can see through the image, and any noise it makes sounds hollow to the creature.\n",
    "higher_levels": "",
    "window_open": false
  },
  {
    "name": "Sunbeam",
    "level": 6,
    "ritual": false,
    "school": "Evocation",
    "casting_time": "1 action",
    "target": "A creature of your choice that you can see within range",
    "range": "Self",
    "components": "V, S, M",
    "duration": "(Concentration) Up to 1 minute ",
    "classes": [
      "Druid",
      "Sorcerer",
      "Wizard"
    ],
    "description": "A beam of brilliant light flashes out from your hand in a 5-foot-wide, 60-foot-long line. Each creature in the line must make a constitution saving throw. On a failed save, a creature takes 6d8 radiant damage and is blinded until your next turn. On a successful save, it takes half as much damage and isn't blinded by this spell. Undead and oozes have disadvantage on this saving throw.\nYou can create a new line of radiance as your action on any turn until the spell ends.\nFor the duration, a mote of brilliant radiance shines in your hand. It sheds bright light in a 30-foot radius and dim light for an additional 30 feet. This light is sunlight.\n",
    "higher_levels": "",
    "window_open": false
  },
  {
    "name": "Transport via Plants",
    "level": 6,
    "ritual": false,
    "school": "Conjuration",
    "casting_time": "1 action",
    "target": "A creature of your choice that you can see within range",
    "range": "10 feet",
    "components": "V, S",
    "duration": "1 round",
    "classes": [
      "Druid"
    ],
    "description": "This spell creates a magical link between a Large or larger inanimate plant within range and another plant, at any distance, on the same plane of existence. You must have seen or touched the destination plant at least once before. For the duration, any creature can step into the target plant and exit from the destination plant by using 5 feet of movement.\n",
    "higher_levels": "",
    "window_open": false
  },
  {
    "name": "True Seeing",
    "level": 6,
    "ritual": false,
    "school": "Divination",
    "casting_time": "1 action",
    "target": "A creature of your choice that you can see within range",
    "range": "Touch",
    "components": "V, S, M",
    "duration": "1 hour",
    "classes": [
      "Bard",
      "Cleric",
      "Sorcerer",
      "Warlock",
      "Wizard"
    ],
    "description": "This spell gives the willing creature you touch the ability to see things as they actually are. For the duration, the creature has truesight, notices secret doors hidden by magic, and can see into the Ethereal Plane, all out to a range of 120 feet.\n",
    "higher_levels": "",
    "window_open": false
  },
  {
    "name": "Wall of Ice",
    "level": 6,
    "ritual": false,
    "school": "Evocation",
    "casting_time": "1 action",
    "target": "A creature of your choice that you can see within range",
    "range": "120 feet",
    "components": "V, S, M",
    "duration": "(Concentration) Up to 10 minutes ",
    "classes": [
      "Wizard"
    ],
    "description": "You create a wall of ice on a solid surface within range. You can form it into a hemispherical dome or a sphere with a radius of up to 10 feet, or you can shape a flat surface made up of ten 10-foot-square panels. Each panel must be contiguous with another panel. In any form, the wall is 1 foot thick and lasts for the duration.\nIf the wall cuts through a creature's space when it appears, the creature within its area is pushed to one side of the wall and must make a dexterity saving throw. On a failed save, the creature takes 10d6 cold damage, or half as much damage on a successful save.\nThe wall is an object that can be damaged and thus breached. It has AC 12 and 30 hit points per 10-foot section, and it is vulnerable to fire damage. Reducing a 10-foot section of wall to 0 hit points destroys it and leaves behind a sheet of frigid air in the space the wall occupied. A creature moving through the sheet of frigid air for the first time on a turn must make a constitution saving throw. That creature takes 5d6 cold damage on a failed save, or half as much damage on a successful one.\n",
    "higher_levels": "When you cast this spell using a spell slot of 7th level or higher, the damage the wall deals when it appears increases by 2d6, and the damage from passing through the sheet of frigid air increases by 1d6, for each slot level above 6th.\n",
    "window_open": false
  },
  {
    "name": "Wall of Thorns",
    "level": 6,
    "ritual": false,
    "school": "Conjuration",
    "casting_time": "1 action",
    "target": "A creature of your choice that you can see within range",
    "range": "120 feet",
    "components": "V, S, M",
    "duration": "(Concentration) Up to 10 minutes ",
    "classes": [
      "Druid"
    ],
    "description": "You create a wall of tough, pliable, tangled brush bristling with needle-sharp thorns. The wall appears within range on a solid surface and lasts for the duration. You choose to make the wall up to 60 feet long, 10 feet high, and 5 feet thick or a circle that has a 20-foot diameter and is up to 20 feet high and 5 feet thick. The wall blocks line of sight.\nWhen the wall appears, each creature within its area must make a dexterity saving throw. On a failed save, a creature takes 7d8 piercing damage, or half as much damage on a successful save.\nA creature can move through the wall, albeit slowly and painfully. For every 1 foot a creature moves through the wall, it must spend 4 feet of movement. Furthermore, the first time a creature enters the wall on a turn or ends its turn there, the creature must make a dexterity saving throw. It takes 7d8 slashing damage on a failed save, or half as much damage on a successful one.\n",
    "higher_levels": "When you cast this spell using a spell slot of 7th level or higher, both types of damage increase by 1d8 for each slot level above 6th.\n",
    "window_open": false
  },
  {
    "name": "Wind Walk",
    "level": 6,
    "ritual": false,
    "school": "Transmutation",
    "casting_time": "1 minute",
    "target": "A creature of your choice that you can see within range",
    "range": "30 feet",
    "components": "V, S, M",
    "duration": "8 hours",
    "classes": [
      "Druid"
    ],
    "description": "You and up to ten willing creatures you can see within range assume a gaseous form for the duration, appearing as wisps of cloud. While in this cloud form, a creature has a flying speed of 300 feet and has resistance to damage from nonmagical weapons. The only actions a creature can take in this form are the Dash action or to revert to its normal form. Reverting takes 1 minute, during which time a creature is incapacitated and can't move. Until the spell ends, a creature can revert to cloud form, which also requires the 1-minute transformation.\nIf a creature is in cloud form and flying when the effect ends, the creature descends 60 feet per round for 1 minute until it lands, which it does safely. If it can't land after 1 minute, the creature falls the remaining distance.\n",
    "higher_levels": "",
    "window_open": false
  },
  {
    "name": "Word of Recall",
    "level": 6,
    "ritual": false,
    "school": "Conjuration",
    "casting_time": "1 action",
    "target": "A creature of your choice that you can see within range",
    "range": "5 feet",
    "components": "V",
    "duration": "Instantaneous",
    "classes": [
      "Cleric"
    ],
    "description": "You and up to five willing creatures within 5 feet of you instantly teleport to a previously designated sanctuary. You and any creatures that teleport with you appear in the nearest unoccupied space to the spot you designated when you prepared your sanctuary (see below). If you cast this spell without first preparing a sanctuary, the spell has no effect.\nYou must designate a sanctuary by casting this spell within a location, such as a temple, dedicated to or strongly linked to your deity. If you attempt to cast the spell in this manner in an area that isn't dedicated to your deity, the spell has no effect.\n",
    "higher_levels": "",
    "window_open": false
  }
]