[
  {
    "name": "Absorb Elements",
    "level": 1,
    "ritual": false,
    "school": "Abjuration",
    "casting_time": "1 action",
    "target": "A creature of your choice that you can see within range",
    "range": "Self",
    "components": "S",
    "duration": "1 round",
    "classes": [
      "Druid",
      "Ranger",
      "Wizard"
    ],
    "description": "The spell captures some of the incoming energy, lessening its effect on you and storing it for your next melee attack. You have resistance to the triggering damage type until the start of your next turn. Also, the first time you hit with a melee attack on your next turn, the target takes an extra 1d6 damage of the triggering type, and the spell ends.\n",
    "higher_levels": "When you cast this spell using a spell slot of 2nd level or higher, the extra damage increases by 1d6 for each slot level above 1st.\n",
    "window_open": false
  },
  {
    "name": "Alarm",
    "level": 1,
    "ritual": true,
    "school": "Abjuration",
    "casting_time": "1 minute",
    "target": "A creature of your choice that you can see within range",
    "range": "30 feet",
    "components": "V, S, M",
    "duration": "8 hours",
    "classes": [
      "Ranger",
      "Wizard"
    ],
    "description": "You set an alarm against unwanted intrusion. Choose a door, a window, or an area within range that is no larger than a 20-foot cube. Until the spell ends, an alarm alerts you whenever a Tiny or larger creature touches or enters the warded area. When you cast the spell, you can designate creatures that won't set off the alarm. You also choose whether the alarm is mental or audible.\nA mental alarm alerts you with a ping in your mind if you are within 1 mile of the warded area. This ping awakens you if you are sleeping.\nAn audible alarm produces the sound of a hand bell for 10 seconds within 60 feet.\n",
    "higher_levels": "",
    "window_open": false
  },
  {
    "name": "Animal Friendship",
    "level": 1,
    "ritual": false,
    "school": "Enchantment",
    "casting_time": "1 action",
    "target": "A creature of your choice that you can see within range",
    "range": "30 feet",
    "components": "V, S, M",
    "duration": "24 hours",
    "classes": [
      "Bard",
      "Cleric",
      "Druid",
      "Ranger"
    ],
    "description": "This spell lets you convince a beast that you mean it no harm. Choose a beast that you can see within range. It must see and hear you. If the beast's Intelligence is 4 or higher, the spell fails. Otherwise, the beast must succeed on a wisdom saving throw or be charmed by you for the spell's duration. If you or one of your companions harms the target, the spells ends.\n",
    "higher_levels": "When you cast this spell using a spell slot of 2nd level or higher, you can affect one additional beast for each slot level above 1st.\n",
    "window_open": false
  },
  {
    "name": "Armor of Agathys",
    "level": 1,
    "ritual": false,
    "school": "Abjuration",
    "casting_time": "1 action",
    "target": "A creature of your choice that you can see within range",
    "range": "Self",
    "components": "V, S, M",
    "duration": "1 hour",
    "classes": [
      "Warlock"
    ],
    "description": "A protective magical force surrounds you, manifesting as a spectral frost that covers you and your gear. You gain 5 temporary hit points for the duration. If a creature hits you with a melee attack while you have these hit points, the creature takes 5 cold damage.\n",
    "higher_levels": "When you cast this spell using a spell slot of 2nd level or higher, both the temporary hit points and the cold damage increase by 5 for each slot level above 1st.\n",
    "window_open": false
  },
  {
    "name": "Arms of Hadar",
    "level": 1,
    "ritual": false,
    "school": "Conjuration",
    "casting_time": "1 action",
    "target": "A creature of your choice that you can see within range",
    "range": "Self",
    "components": "V, S",
    "duration": "Instantaneous",
    "classes": [
      "Warlock"
    ],
    "description": "You invoke the power of Hadar, the Dark Hunger. Tendrils of dark energy erupt from you and batter all creatures within 10 feet of you. Each creature in that area must make a strength saving throw. On a failed save, a target takes 2d6 necrotic damage and can't take reactions until its next turn. On a successful save, the creature takes half damage, but suffers no other effect.\n",
    "higher_levels": "When you cast this spell using a spell slot of 2nd level or higher, the damage increases by 1d6 for each slot level above 1st.\n",
    "window_open": false
  },
  {
    "name": "Bane",
    "level": 1,
    "ritual": false,
    "school": "Enchantment",
    "casting_time": "1 action",
    "target": "A creature of your choice that you can see within range",
    "range": "30 feet",
    "components": "V, S, M",
    "duration": "(Concentration) Up to 1 minute ",
    "classes": [
      "Bard",
      "Cleric",
      "Paladin"
    ],
    "description": "Up to three creatures of your choice that you can see within range must make charisma saving throws. Whenever a target that fails this saving throw makes an attack roll or a saving throw before the spell ends, the target must roll a d4 and subtract the number rolled from the attack roll or saving throw.\n",
    "higher_levels": "When you cast this spell using a spell slot of 2nd level or higher, you can target one additional creature for each slot level above 1st.\n",
    "window_open": false
  },
  {
    "name": "Beast Bond",
    "level": 1,
    "ritual": false,
    "school": "Divination",
    "casting_time": "1 action",
    "target": "A creature of your choice that you can see within range",
    "range": "Touch",
    "components": "V, S, M",
    "duration": "(Concentration) Up to 10 minutes ",
    "classes": [
      "Druid",
      "Ranger",
      "Wizard"
    ],
    "description": "You establish a telepathic link with one beast you touch that is friendly to you or charmed by you. The spell fails if the beast's Intelligence is 4 or higher. Until the spell ends, the link is active while you and the beast are within line of sight of each other. Through the link, the beast can understand your telepathic messages to it, and it can telepathically communicate simple emotions and concepts back to you. While the link is active, the beast gains advantage on attack rolls against any creature within 5 feet of you that you can see.\n",
    "higher_levels": "",
    "window_open": false
  },
  {
    "name": "Bless",
    "level": 1,
    "ritual": false,
    "school": "Enchantment",
    "casting_time": "1 action",
    "target": "A creature of your choice that you can see within range",
    "range": "30 feet",
    "components": "V, S, M",
    "duration": "(Concentration) Up to 1 minute ",
    "classes": [
      "Cleric",
      "Paladin"
    ],
    "description": "You bless up to three creatures of your choice within range. Whenever a target makes an attack roll or a saving throw before the spell ends, the target can roll a d4 and add the number rolled to the attack roll or saving throw.\n",
    "higher_levels": "When you cast this spell using a spell slot of 2nd level or higher, you can target one additional creature for each slot level above 1st.\n",
    "window_open": false
  },
  {
    "name": "Burning Hands",
    "level": 1,
    "ritual": false,
    "school": "Evocation",
    "casting_time": "1 action",
    "target": "A creature of your choice that you can see within range",
    "range": "Self",
    "components": "V, S",
    "duration": "Instantaneous",
    "classes": [
      "Cleric",
      "Sorcerer",
      "Warlock",
      "Wizard"
    ],
    "description": "As you hold your hands with thumbs touching and fingers spread, a thin sheet of flames shoots forth from your outstretched fingertips. Each creature in a 15-foot cone must make a dexterity saving throw. A creature takes 3d6 fire damage on a failed save, or half as much damage on a successful one.\nThe fire ignites any flammable objects in the area that aren't being worn or carried.\n",
    "higher_levels": "When you cast this spell using a spell slot of 2nd level or higher, the damage increases by 1d6 for each slot level above 1st.\n",
    "window_open": false
  },
  {
    "name": "Catapult",
    "level": 1,
    "ritual": false,
    "school": "Transmutation",
    "casting_time": "1 action",
    "target": "A creature of your choice that you can see within range",
    "range": "150 feet",
    "components": "S",
    "duration": "Instantaneous",
    "classes": [
      "Sorcerer",
      "Wizard"
    ],
    "description": "Choose one object weighing 1 to 5 pounds within range that isn't being worn or carried. The object flies in a straight line up to 90 feet in a direction you choose before falling to the ground, stopping early if it impacts against a solid surface. If the object would strike a creature, that creature must make a Dexterity saving throw. On a failed save, the object strikes the target and stops moving. In either case, both the object and the creature or solid surface take 3d8 bludgeoning damage.\n",
    "higher_levels": "When you cast this spell using a spell slot of 2nd level or higher, the maximum weight of objects that you can target with this spell increases by 5 pounds, and the damage increases by 1d8, for each slot level above 1st.\n",
    "window_open": false
  },
  {
    "name": "Charm Person",
    "level": 1,
    "ritual": false,
    "school": "Enchantment",
    "casting_time": "1 action",
    "target": "A creature of your choice that you can see within range",
    "range": "30 feet",
    "components": "V, S",
    "duration": "1 hour",
    "classes": [
      "Bard",
      "Cleric",
      "Druid",
      "Sorcerer",
      "Warlock",
      "Wizard"
    ],
    "description": "You attempt to charm a humanoid you can see within range. It must make a wisdom saving throw, and does so with advantage if you or your companions are fighting it. If it fails the saving throw, it is charmed by you until the spell ends or until you or your companions do anything harmful to it. The charmed creature regards you as a friendly acquaintance. When the spell ends, the creature knows it was charmed by you.\n",
    "higher_levels": "When you cast this spell using a spell slot of 2nd level or higher, you can target one additional creature for each slot level above 1st. The creatures must be within 30 feet of each other when you target them.\n",
    "window_open": false
  },
  {
    "name": "Chromatic Orb",
    "level": 1,
    "ritual": false,
    "school": "Evocation",
    "casting_time": "1 action",
    "target": "A creature of your choice that you can see within range",
    "range": "90 feet",
    "components": "V, S, M",
    "duration": "Instantaneous",
    "classes": [
      "Sorcerer",
      "Wizard"
    ],
    "description": "You hurl a 4-inch-diameter sphere of energy at a creature that you can see within range. You choose acid, cold, fire, lightning, poison, or thunder for the type of orb you create, and then make a ranged spell attack against the target. If the attack hits, the creature takes 3d8 of the type you chose.\n",
    "higher_levels": "When you cast this spell using a spell slot of 2nd level or higher, the damage increases by 1d8 for each slot level above 1st.\n",
    "window_open": false
  },
  {
    "name": "Color Spray",
    "level": 1,
    "ritual": false,
    "school": "Illusion",
    "casting_time": "1 action",
    "target": "A creature of your choice that you can see within range",
    "range": "Self",
    "components": "V, S, M",
    "duration": "1 round",
    "classes": [
      "Sorcerer",
      "Wizard"
    ],
    "description": "A dazzling array of flashing, colored light springs from your hand. Roll 6d10; the total is how many hit points of creatures this spell can effect. Creatures in a 15-foot cone originating from you are affected in ascending order of their current hit points (ignoring unconscious creatures and creatures that can't see).\nStarting with the creature that has the lowest current hit points, each creature affected by this spell is blinded until the spell ends. Subtract each creature's hit points from the total before moving on to the creature with the next lowest hit points. A creature's hit points must be equal to or less than the remaining total for that creature to be affected.\n",
    "higher_levels": "When you cast this spell using a spell slot of 2nd level or higher, roll an additional 2d10 for each slot level above 1st.\n",
    "window_open": false
  },
  {
    "name": "Command",
    "level": 1,
    "ritual": false,
    "school": "Enchantment",
    "casting_time": "1 action",
    "target": "A creature of your choice that you can see within range",
    "range": "60 feet",
    "components": "V",
    "duration": "1 round",
    "classes": [
      "Cleric",
      "Paladin",
      "Warlock"
    ],
    "description": "You speak a one-word command to a creature you can see within range. The target must succeed on a wisdom saving throw or follow the command on its next turn. The spell has no effect if the target is undead, if it doesn't understand your language, or if your command is directly harmful to it.\nSome typical commands and their effects follow. You might issue a command other than one described here. If you do so, the DM determines how the target behaves. If the target can't follow your command, the spell ends.\n<b>Approach.</b> The target moves toward you by the shortest and most direct route, ending its turn if it moves within 5 feet of you.\n<b>Drop</b> The target drops whatever it is holding and then ends its turn.\n<b>Flee.</b> The target spends its turn moving away from you by the fastest available means.\n<b>Grovel.</b> The target falls prone and then ends its turn.\n<b>Halt.</b> The target doesn't move and takes no actions. A flying creature stays aloft, provided that it is able to do so. If it must move to stay aloft, it flies the minimum distance needed to remain in the air.\n",
    "higher_levels": "When you cast this spell using a spell slot of 2nd level or higher, you can affect one additional creature for each slot level above 1st. The creatures must be within 30 feet of each other when you target them.\n",
    "window_open": false
  },
  {
    "name": "Compelled Duel",
    "level": 1,
    "ritual": false,
    "school": "Enchantment",
    "casting_time": "1 bonus action",
    "target": "A creature of your choice that you can see within range",
    "range": "30 feet",
    "components": "V",
    "duration": "(Concentration) Up to 1 minute ",
    "classes": [
      "Paladin"
    ],
    "description": "You attempt to compel a creature into a duel. One creature that you can see within range must make a wisdom saving throw. On a failed save, the creature is drawn to you, compelled by your divine demand. For the duration, it has disadvantage on attack rolls against creatures other than you, and must make a wisdom saving throw each time it attempts to move into a space that is more than 30 feet away from you; if it succeeds on this saving throw, the spell doesn't restrict the target's movement for that turn.\nThe spell ends if you attack any other creature, if you cast a spell that targets a hostile creature other than the target, if a creature friendly to you damages the target or casts a harmful spell on it, or if you end your turn more than 30 feet away from the target.\n",
    "higher_levels": "",
    "window_open": false
  },
  {
    "name": "Comprehend Languages",
    "level": 1,
    "ritual": true,
    "school": "Divination",
    "casting_time": "1 action",
    "target": "A creature of your choice that you can see within range",
    "range": "Self",
    "components": "V, S, M",
    "duration": "1 hour",
    "classes": [
      "Bard",
      "Sorcerer",
      "Warlock",
      "Wizard"
    ],
    "description": "For the duration, you understand the literal meaning of any spoken language that you hear. You also understand any written language that you see, but you must be touching the surface on which the words are written. It takes about 1 minute to read one page of text.\nThis spell doesn't decode secret messages in a text or a glyph, such as an arcane sigil, that isn't part of a written language.\n",
    "higher_levels": "",
    "window_open": false
  },
  {
    "name": "Create or Destroy Water",
    "level": 1,
    "ritual": false,
    "school": "Transmutation",
    "casting_time": "1 action",
    "target": "A creature of your choice that you can see within range",
    "range": "30 feet",
    "components": "V, S, M",
    "duration": "Instantaneous",
    "classes": [
      "Cleric",
      "Druid"
    ],
    "description": "You either create or destroy water.\n<b>Create Water.</b> You create up to 10 gallons of clean water within range in an open container. Alternatively, the water falls as rain in a 30-foot cube within range.\n<b>Destroy Water.</b> You destroy up to 10 gallons of water in an open container within range. Alternatively, you destroy fog in a 30-foot cube within range.\n",
    "higher_levels": "When you cast this spell using a spell slot of 2nd level or higher, you create or destroy 10 additional gallons of water, or the size of the cube increases by 5 feet, for each slot level above 1st.\n",
    "window_open": false
  },
  {
    "name": "Cure Wounds",
    "level": 1,
    "ritual": false,
    "school": "Evocation",
    "casting_time": "1 action",
    "target": "A creature of your choice that you can see within range",
    "range": "Touch",
    "components": "V, S",
    "duration": "Instantaneous",
    "classes": [
      "Bard",
      "Cleric",
      "Druid",
      "Paladin",
      "Ranger"
    ],
    "description": "A creature you touch regains a number of hit points equal to 1d8 + your spellcasting ability modifier. This spell has no effect on undead or constructs.\n",
    "higher_levels": "When you cast this spell using a spell slot of 2nd level or higher, the healing increases by 1d8 for each slot level above 1st.\n",
    "window_open": false
  },
  {
    "name": "Detect Evil and Good",
    "level": 1,
    "ritual": false,
    "school": "Divination",
    "casting_time": "1 action",
    "target": "A creature of your choice that you can see within range",
    "range": "Self",
    "components": "V, S",
    "duration": "(Concentration) Up to 10 minutes ",
    "classes": [
      "Cleric",
      "Paladin"
    ],
    "description": "For the duration, you know if there is an aberration, celestial, elemental, fey, fiend, or undead within 30 feet of you, as well as where the creature is located. Similarly, you know if there is a place or object within 30 feet of you that has been magically consecrated or desecrated.\nThe spell can penetrate most barriers, but it is blocked by 1 foot of stone, 1 inch of common metal, a thin sheet of lead, or 3 feet of wood or dirt.\n",
    "higher_levels": "",
    "window_open": false
  },
  {
    "name": "Detect Magic",
    "level": 1,
    "ritual": true,
    "school": "Divination",
    "casting_time": "1 action",
    "target": "A creature of your choice that you can see within range",
    "range": "Self",
    "components": "V, S",
    "duration": "(Concentration) Up to 10 minutes ",
    "classes": [
      "Bard",
      "Cleric",
      "Druid",
      "Paladin",
      "Ranger",
      "Sorcerer",
      "Wizard"
    ],
    "description": "For the duration, you sense the presence of magic within 30 feet of you. If you sense magic in this way, you can use your action to see a faint aura around any visible creature or object in the area that bears magic, and you learn its school of magic, if any.\nThe spell can penetrate most barriers, but it is blocked by 1 foot of stone, 1 inch of common metal, a thin sheet of lead, or 3 feet of wood or dirt.\n",
    "higher_levels": "",
    "window_open": false
  },
  {
    "name": "Detect Poison and Disease",
    "level": 1,
    "ritual": true,
    "school": "Divination",
    "casting_time": "1 action",
    "target": "A creature of your choice that you can see within range",
    "range": "Self",
    "components": "V, S, M",
    "duration": "(Concentration) Up to 10 minutes ",
    "classes": [
      "Cleric",
      "Druid",
      "Paladin",
      "Ranger"
    ],
    "description": "For the duration, you can sense the presence and location of poisons, poisonous creatures, and diseases within 30 feet of you. You also identify the kind of poison, poisonous creature, or disease in each case.\nThe spell can penetrate most barriers, but it is blocked by 1 foot of stone, 1 inch of common metal, a thin sheet of lead, or 3 feet of wood or dirt.\n",
    "higher_levels": "",
    "window_open": false
  },
  {
    "name": "Disguise Self",
    "level": 1,
    "ritual": false,
    "school": "Illusion",
    "casting_time": "1 action",
    "target": "A creature of your choice that you can see within range",
    "range": "Self",
    "components": "V, S",
    "duration": "1 hour",
    "classes": [
      "Bard",
      "Cleric",
      "Sorcerer",
      "Wizard"
    ],
    "description": "You make yourself \u00e2\u20ac\u201c including your clothing, armor, weapons, and other belongings on your person \u00e2\u20ac\u201c look different until the spell ends or until you use your action to dismiss it. You can seem 1 foot shorter or taller and can appear thin, fat, or in between. You can't change your body type, so you must adopt a form that has the same basic arrangement of limbs. Otherwise, the extent of the illusion is up to you.\nThe changes wrought by this spell fail to hold up to physical inspection. For example, if you use this spell to add a hat to your outfit, objects pass through the hat, and anyone who touches it would feel nothing or would feel your head and hair. If you use this spell to appear thinner than you are, the hand of someone who reaches out to touch you would bump into you while it was seemingly still in midair.\nTo discern that you are disguised, a creature can use its action to inspect your apperance and must succeed on an Intelligence (Investigation) check against your spell save DC.\n",
    "higher_levels": "",
    "window_open": false
  },
  {
    "name": "Dissonant Whispers",
    "level": 1,
    "ritual": false,
    "school": "Enchantment",
    "casting_time": "1 action",
    "target": "A creature of your choice that you can see within range",
    "range": "60 feet",
    "components": "V",
    "duration": "Instantaneous",
    "classes": [
      "Bard",
      "Warlock"
    ],
    "description": "You whisper a discordant melody that only one creature of your choice within range can hear, wracking it with terrible pain. The target must make a wisdom saving throw. On a failed save, it takes 3d6 psychic damage and must immediately use its reaction, if available, to move as far as its speed allows away from you. The creature doesn't move into obviously dangerous ground, such as a fire or a pit. On a successful save, the target takes half as much damage and doesn't have to move away. A deafened creature automatically succeeds on the save.\n",
    "higher_levels": "When you cast this spell using a spell slot of 2nd level or higher, the damage increases by 1d6 for each slot level above 1st.\n",
    "window_open": false
  },
  {
    "name": "Divine Favor",
    "level": 1,
    "ritual": false,
    "school": "Evocation",
    "casting_time": "1 bonus action",
    "target": "A creature of your choice that you can see within range",
    "range": "Self",
    "components": "V, S",
    "duration": "(Concentration) Up to 1 minute ",
    "classes": [
      "Cleric",
      "Paladin"
    ],
    "description": "Your prayer empowers you with divine radiance. Until the spell ends, your weapon attacks deal an extra 1d4 radiant damage on a hit.\n",
    "higher_levels": "",
    "window_open": false
  },
  {
    "name": "Earth Tremor",
    "level": 1,
    "ritual": false,
    "school": "Evocation",
    "casting_time": "1 action",
    "target": "A creature of your choice that you can see within range",
    "range": "Self (10-foot radius)",
    "components": "V, S",
    "duration": "Instantaneous",
    "classes": [
      "Bard",
      "Druid",
      "Sorcerer",
      "Wizard"
    ],
    "description": "You cause a tremor in the ground in a 10-foot radius. Each creature other than you in that area must make a Dexterity saving throw. On a failed save, a creature takes 1d6 bludgeoning damage and is knocked prone. If the ground in that area is loose earth or stone, it becomes difficult terrain until cleared.\n",
    "higher_levels": "When you cast this spell using a spell slot of 2nd level or higher, the damage increases by 1d6 for each slot level above 1st.\n",
    "window_open": false
  },
  {
    "name": "Ensnaring Strike",
    "level": 1,
    "ritual": false,
    "school": "Conjuration",
    "casting_time": "1 bonus action",
    "target": "A creature of your choice that you can see within range",
    "range": "Self",
    "components": "V",
    "duration": "(Concentration) Up to 1 minute ",
    "classes": [
      "Paladin",
      "Ranger"
    ],
    "description": "The next time you hit a creature with a weapon attack before this spell ends, a writhing mass of thorny vines appears at the point of impact, and the target must succeed on a strength saving throw or be restrained by the magical vines until the spell ends. A Large or larger creature has advantage on this saving throw. If the target succeeds on the save, the vines shrivel away.\nWhile restrained by this spell, the target takes 1d6 piercing damage at the start of each of its turns. A creature restrained by the vines or one that can touch a creature can use its action to make a Strength check against your spell save DC. On a success, the target is freed.\n",
    "higher_levels": "If you cast this spell using a spell slot of 2nd level or higher, the damage increases by 1d6 for each slot level above 1st.\n",
    "window_open": false
  },
  {
    "name": "Entangle",
    "level": 1,
    "ritual": false,
    "school": "Conjuration",
    "casting_time": "1 action",
    "target": "A creature of your choice that you can see within range",
    "range": "90 feet",
    "components": "V, S",
    "duration": "(Concentration) Up to 1 minute ",
    "classes": [
      "Druid"
    ],
    "description": "Grasping weeds and vines sprout from the ground in a 20-foot square starting form a point within range. For the duration, these plants turn the ground in the area into difficult terrain.\nA creature in the area when you cast the spell must succeed on a strength saving throw or be restrained by the entangling plants until the spell ends. A creature restrained by the plants can use its action to make a Strength check against your spell save DC. On a success, it frees itself.\nWhen the spell ends, the conjured plants wilt away.\n",
    "higher_levels": "",
    "window_open": false
  },
  {
    "name": "Expeditious Retreat",
    "level": 1,
    "ritual": false,
    "school": "Transmutation",
    "casting_time": "1 bonus action",
    "target": "A creature of your choice that you can see within range",
    "range": "Self",
    "components": "V, S",
    "duration": "(Concentration) Up to 10 minutes ",
    "classes": [
      "Sorcerer",
      "Warlock",
      "Wizard"
    ],
    "description": "This spell allows you to move at an incredible pace. When you cast this spell, and then as a bonus action on each of your turns until the spell ends, you can take the Dash action.\n",
    "higher_levels": "",
    "window_open": false
  },
  {
    "name": "Faerie Fire",
    "level": 1,
    "ritual": false,
    "school": "Evocation",
    "casting_time": "1 action",
    "target": "A creature of your choice that you can see within range",
    "range": "60 feet",
    "components": "V",
    "duration": "(Concentration) Up to 1 minute ",
    "classes": [
      "Bard",
      "Cleric",
      "Druid",
      "Warlock"
    ],
    "description": "Each object in a 20-foot cube within range is outlined in blue, green, or violet light (your choice). Any creature in the area when the spell is cast is also outlined in light if it fails a dexterity saving throw. For the duration, objects and affected creatures shed dim light in a 10-foot radius.\nAny attack roll against an affected creature or object has advantage if the attacker can see it, and the affected creature or object can't benefit from being invisible.\n",
    "higher_levels": "",
    "window_open": false
  },
  {
    "name": "False Life",
    "level": 1,
    "ritual": false,
    "school": "Necromancy",
    "casting_time": "1 action",
    "target": "A creature of your choice that you can see within range",
    "range": "Self",
    "components": "V, S, M",
    "duration": "1 hour",
    "classes": [
      "Sorcerer",
      "Wizard"
    ],
    "description": "Bolstering yourself with a necromantic facsimile of life, you gain 1d4 + 4 temporary hit points for the duration.\n",
    "higher_levels": "When you cast this spell using a spell slot of 2nd level or higher, you gain 5 additional temporary hit points for each slot level above 1st.\n",
    "window_open": false
  },
  {
    "name": "Feather Fall",
    "level": 1,
    "ritual": false,
    "school": "Transmutation",
    "casting_time": "1 reaction",
    "target": "A creature of your choice that you can see within range",
    "range": "60 feet",
    "components": "V, M",
    "duration": "1 minute",
    "classes": [
      "Bard",
      "Sorcerer",
      "Wizard"
    ],
    "description": "Choose up to five falling creatures within range. A falling creature's rate of descent slows to 60 feet per round until the spell ends. If the creature lands before the spell ends, it takes no falling damage and can land on its feet, and the spell ends for that creature.\n",
    "higher_levels": "",
    "window_open": false
  },
  {
    "name": "Find Familiar",
    "level": 1,
    "ritual": true,
    "school": "Conjuration",
    "casting_time": "1 hour",
    "target": "A creature of your choice that you can see within range",
    "range": "10 feet",
    "components": "V, S, M",
    "duration": "Instantaneous",
    "classes": [
      "Wizard"
    ],
    "description": "Your familiar acts independently of you, but it always obeys your commands. In combat, it rolls its own initiative and acts on its own turn. A familiar can't attack, but it can take other actions as normal.\nWhen the familiar drops to 0 hit points, it disappears, leaving behind no physical form. It reappears after you cast this spell again.\nWhile your familiar is within 100 feet of you, you can communicate with it telepathically. Additionally, as an action, you can see through your familiar's eyes and hear what it hears until the start of your next turn, gaining the benefits of any special senses that the familiar has. During this time, you are deaf and blind with regard to your own senses.\nAs an action, you can temporarily dismiss your familiar. It disappears into a pocket dimension where it awaits your summons. Alternatively, you can dismiss it forever. As an action while it is temporarily dismissed, you can cause it to reappear in any unoccupied space within 30 feet of you.\nYou can't have more than one familiar at a time. If you cast this spell while you already have a familiar, you instead cause it to adopt a new form. Choose one of the forms from the above list. Your familiar transforms into the chosen creature.\nFinally, when you cast a spell with a range of touch, your familiar can deliver the spell as if it had cast the spell. Your familiar must be within 100 feet of you, and it must use its reaction to deliver the spell when you cast it. If the spell requires an attack roll, you use your action modifier for the roll.\n",
    "higher_levels": "",
    "window_open": false
  },
  {
    "name": "Fog Cloud",
    "level": 1,
    "ritual": false,
    "school": "Conjuration",
    "casting_time": "1 action",
    "target": "A creature of your choice that you can see within range",
    "range": "120 feet",
    "components": "V, S",
    "duration": "(Concentration) Up to 1 hour ",
    "classes": [
      "Cleric",
      "Druid",
      "Ranger",
      "Sorcerer",
      "Wizard"
    ],
    "description": "You create a 20-foot-radius sphere of fog centered on a point within range. The sphere spreads around corners, and its area is heavily obscured. It lasts for the duration or until a wind of moderate or greater speed (at least 10 miles per hour) disperses it.\n",
    "higher_levels": "When you cast this spell using a spell slot of 2nd level or higher, the radius of the fog increases by 20 feet for each slot level above 1st.\n",
    "window_open": false
  },
  {
    "name": "Goodberry",
    "level": 1,
    "ritual": false,
    "school": "Transmutation",
    "casting_time": "1 action",
    "target": "A creature of your choice that you can see within range",
    "range": "Touch",
    "components": "V, S, M",
    "duration": "Instantaneous",
    "classes": [
      "Druid",
      "Ranger"
    ],
    "description": "Up to ten berries appear in your hand and are infused with magic for the duration. A creature can use its action to eat one berry. Eating a berry restores 1 hit point, and the berry provides enough nourishment to sustain a creature for a day.\nThe berries lose their potency if they have not been consumed within 24 hours of the casting of this spell.\n",
    "higher_levels": "",
    "window_open": false
  },
  {
    "name": "Grease",
    "level": 1,
    "ritual": false,
    "school": "Conjuration",
    "casting_time": "1 action",
    "target": "A creature of your choice that you can see within range",
    "range": "60 feet",
    "components": "V, S, M",
    "duration": "1 minute",
    "classes": [
      "Wizard"
    ],
    "description": "Slick grease covers the ground in a 10-foot square centered on a point within range and turns it into difficult terrain for the duration.\nWhen the grease appears, each creature standing in its area must succeed on a dexterity saving throw or fall prone. A creature that enters the area or ends its turn there must also succeed on a dexterity saving throw or fall prone.\n",
    "higher_levels": "",
    "window_open": false
  },
  {
    "name": "Guiding Bolt",
    "level": 1,
    "ritual": false,
    "school": "Evocation",
    "casting_time": "1 action",
    "target": "A creature of your choice that you can see within range",
    "range": "120 feet",
    "components": "V, S",
    "duration": "1 round",
    "classes": [
      "Cleric"
    ],
    "description": "A flash of light streaks toward a creature of your choice within range. Make a ranged spell attack against the target. On a hit, the target takes 4d6 radiant damage, and the next attack roll made against this target before the end of your next turn has advantage, thanks to the mystical dim light glittering on the target until then.\n",
    "higher_levels": "When you cast this spell using a spell slot of 2nd level or higher, the damage increases by 1d6 for each slot level above 1st.\n",
    "window_open": false
  },
  {
    "name": "Hail of Thorns",
    "level": 1,
    "ritual": false,
    "school": "Conjuration",
    "casting_time": "1 bonus action",
    "target": "A creature of your choice that you can see within range",
    "range": "Self",
    "components": "V",
    "duration": "(Concentration) Up to 1 minute ",
    "classes": [
      "Ranger"
    ],
    "description": "The next time you hit a creature with a ranged weapon attack before this spell ends, this spell creates a rain of thorns that sprouts from your ranged weapon or ammunition. In addition to the normal effects of the attack, the target of the attack and each creature within 5 feet of it must make a dexterity saving throw. A creature takes 1d10 piercing damage on a failed save, or half as much damage on a successful one.\n",
    "higher_levels": "If you cast this spell using a spell slot of 2nd level or higher, the damage increases by 1d10 for each slot level above 1st (to a maximum of 6d10).\n",
    "window_open": false
  },
  {
    "name": "Healing Word",
    "level": 1,
    "ritual": false,
    "school": "Evocation",
    "casting_time": "1 bonus action",
    "target": "A creature of your choice that you can see within range",
    "range": "60 feet",
    "components": "V",
    "duration": "Instantaneous",
    "classes": [
      "Bard",
      "Cleric",
      "Druid"
    ],
    "description": "A creature of your choice that you can see within range regains hit points equal to 1d4 + your spellcasting ability modifier. This spell has no effect on undead or constructs.\n",
    "higher_levels": "When you cast this spell using a spell slot of 2nd level or higher, the healing increases by 1d4 for each slot level above 1st.\n",
    "window_open": false
  },
  {
    "name": "Hellish Rebuke",
    "level": 1,
    "ritual": false,
    "school": "Evocation",
    "casting_time": "1 reaction",
    "target": "A creature of your choice that you can see within range",
    "range": "60 feet",
    "components": "V, S",
    "duration": "Instantaneous",
    "classes": [
      "Warlock"
    ],
    "description": "You point your finger, and the creature that damaged you is momentarily surrounded by hellish flames. The creature must make a dexterity saving throw. It takes 2d10 fire damage on a failed save, or half as much damage on a successful one.\n",
    "higher_levels": "When you cast this spell using a spell slot of 2nd level or higher, the damage increases by 1d10 for each slot level above 1st.\n",
    "window_open": false
  },
  {
    "name": "Heroism",
    "level": 1,
    "ritual": false,
    "school": "Enchantment",
    "casting_time": "1 action",
    "target": "A creature of your choice that you can see within range",
    "range": "Touch",
    "components": "V, S",
    "duration": "(Concentration) Up to 1 minute ",
    "classes": [
      "Bard",
      "Paladin"
    ],
    "description": "A willing creature you touch is imbued with bravery. Until the spell ends, the creature is immune to being frightened and gains temporary hit points equal to your spellcasting ability modifier at the start of each of its turns. When the spell ends, the target loses any remaining temporary hit points from this spell.\n",
    "higher_levels": "",
    "window_open": false
  },
  {
    "name": "Hex",
    "level": 1,
    "ritual": false,
    "school": "Enchantment",
    "casting_time": "1 bonus action",
    "target": "A creature of your choice that you can see within range",
    "range": "90 feet",
    "components": "V, S, M",
    "duration": "(Concentration) Up to 1 hour ",
    "classes": [
      "Warlock"
    ],
    "description": "You place a curse on a creature that you can see within range. Until the spell ends, you deals an extra 1d6 necrotic damage to the target whenever you hit it with an attack. Also choose one ability when you cast the spell. The target has disadvantage on ability checks made with the chosen ability.\nIf the target drops to 0 hit points before this spell ends, you can use a bonus action on a subsequent turn of yours to curse a new creature.\nA remove curse cast on the target ends this spell early.\n",
    "higher_levels": "When you cast this spell using a spell slot of 3rd or 4th level, you can maintain your concentration on the spell for up to 8 hours. When you use a spell slot of 5th level or higher, you can maintain your concentration on the spell for up to 24 hours.\n",
    "window_open": false
  },
  {
    "name": "Hunter's Mark",
    "level": 1,
    "ritual": false,
    "school": "Divination",
    "casting_time": "1 bonus action",
    "target": "A creature of your choice that you can see within range",
    "range": "90 feet",
    "components": "V",
    "duration": "(Concentration) Up to 1 hour ",
    "classes": [
      "Paladin",
      "Ranger"
    ],
    "description": "You choose a creature you can see within range and mystically mark it as your quarry. Until the spell ends, you deal an extra 1d6 damage to the target whenever you hit it with a weapon attack, and you have advantage on any Wisdom (Perception) or Wisdom (Survival) check you make to find it. If the target drops to 0 hit points before this spell ends, you can use a bonus action on a subsequent turn of yours to mark a new creature.\n",
    "higher_levels": "When you cast this spell using a spell slot of 3rd or 4th level, you can maintain your concentration on the spell for up to 8 hours. When you use a spell slot of 5th level or higher, you can maintain your concentration on the spell for up to 24 hours.\n",
    "window_open": false
  },
  {
    "name": "Ice Knife",
    "level": 1,
    "ritual": false,
    "school": "Conjuration",
    "casting_time": "1 action",
    "target": "A creature of your choice that you can see within range",
    "range": "60 feet",
    "components": "S, M",
    "duration": "Instantaneous",
    "classes": [
      "Druid",
      "Sorcerer",
      "Wizard"
    ],
    "description": "You create a shard of ice and fling it at one creature within range. Make a ranged spell attack against the target. On a hit, the target takes 1d10 piercing damage. Hit or miss, the shard then explodes. The target and each creature within 5 feet of the point where the ice exploded must succeed on a Dexterity saving throw or take 2d6 cold damage.\n",
    "higher_levels": "When you cast this spell using a spell slot of 2nd level or higher, the cold damage increases by 1d6 for each slot level above 1st.\n",
    "window_open": false
  },
  {
    "name": "Identify",
    "level": 1,
    "ritual": true,
    "school": "Divination",
    "casting_time": "1 minute",
    "target": "A creature of your choice that you can see within range",
    "range": "Touch",
    "components": "V, S, M",
    "duration": "Instantaneous",
    "classes": [
      "Bard",
      "Cleric",
      "Wizard"
    ],
    "description": "You choose one object that you must touch throughout the casting of the spell. If it is a magic item or some other magic-imbued object, you learn its properties and how to use them, whether it requires attunement to use, and how many charges it has, if any. You learn whether any spells are affecting the item and what they are. If the item was created by a spell, you learn which spell created it.\nIf you instead touch a creature throughout the casting, you learn what spells, if any, are currently affecting it.\n",
    "higher_levels": "",
    "window_open": false
  },
  {
    "name": "Illusory Script",
    "level": 1,
    "ritual": true,
    "school": "Illusion",
    "casting_time": "1 minute",
    "target": "A creature of your choice that you can see within range",
    "range": "Touch",
    "components": "S, M",
    "duration": "10 days",
    "classes": [
      "Bard",
      "Warlock",
      "Wizard"
    ],
    "description": "You write on parchment, paper, or some other suitable writing material and imbue it with a potent illusion that lasts for the duration.\nTo you and any creatures you designate when you cast the spell, the writing appears normal, written in your hand, and conveys whatever meaning you intended when you wrote the text. To all others, the writing appears as if it were written in an unknown or magical script that is unintelligible. Alternatively, you can cause the writing to appear to be an entirely different message, written in a different hand and language, though the language must be one you know.\nShould the spell be dispelled, the original script and the illusion both disappear.\nA creature with truesight can read the hidden message.\n",
    "higher_levels": "",
    "window_open": false
  },
  {
    "name": "Inflict Wounds",
    "level": 1,
    "ritual": false,
    "school": "Necromancy",
    "casting_time": "1 action",
    "target": "A creature of your choice that you can see within range",
    "range": "Touch",
    "components": "V, S",
    "duration": "Instantaneous",
    "classes": [
      "Cleric"
    ],
    "description": "Make a melee spell attack against a creature you can reach. On a hit, the target takes 3d10 necrotic damage.\n",
    "higher_levels": "When you cast this spell using a spell slot of 2nd level or higher, the damage increases by 1d10 for each slot level above 1st.\n",
    "window_open": false
  },
  {
    "name": "Jump",
    "level": 1,
    "ritual": false,
    "school": "Transmutation",
    "casting_time": "1 action",
    "target": "A creature of your choice that you can see within range",
    "range": "Touch",
    "components": "V, S, M",
    "duration": "1 minute",
    "classes": [
      "Druid",
      "Ranger",
      "Sorcerer",
      "Wizard"
    ],
    "description": "You touch a creature. The creature's jump distance is tripled until the spell ends.\n",
    "higher_levels": "",
    "window_open": false
  },
  {
    "name": "Longstrider",
    "level": 1,
    "ritual": false,
    "school": "Transmutation",
    "casting_time": "1 action",
    "target": "A creature of your choice that you can see within range",
    "range": "Touch",
    "components": "V, S, M",
    "duration": "1 hour",
    "classes": [
      "Bard",
      "Druid",
      "Ranger",
      "Wizard"
    ],
    "description": "You touch a creature. The target's speed increases by 10 feet until the spell ends.\n",
    "higher_levels": "When you cast this spell using a spell slot of 2nd level or higher, you can target one additional creature for each spell slot above 1st.\n",
    "window_open": false
  },
  {
    "name": "Mage Armor",
    "level": 1,
    "ritual": false,
    "school": "Abjuration",
    "casting_time": "1 action",
    "target": "A creature of your choice that you can see within range",
    "range": "Touch",
    "components": "V, S, M",
    "duration": "8 hours",
    "classes": [
      "Sorcerer",
      "Wizard"
    ],
    "description": "You touch a willing creature who isn't wearing armor, and a protective magical force surrounds it until the spell ends. The target's base AC becomes 13 + its Dexterity modifier. The spell ends if the target dons armor or if you dismiss the spell as an action.\n",
    "higher_levels": "",
    "window_open": false
  },
  {
    "name": "Magic Missile",
    "level": 1,
    "ritual": false,
    "school": "Evocation",
    "casting_time": "1 action",
    "target": "A creature of your choice that you can see within range",
    "range": "120 feet",
    "components": "V, S",
    "duration": "Instantaneous",
    "classes": [
      "Sorcerer",
      "Wizard"
    ],
    "description": "You create three glowing darts of magical force. Each dart hits a creature of your choice that you can see within range. A dart deals 1d4 + 1 force damage to its target. The darts all strike simultaneously, and you can direct them to hit one creature or several.\n",
    "higher_levels": "When you cast this spell using a spell slot of 2nd level or higher, the spell creates one more dart for each slot level above 1st.\n",
    "window_open": false
  },
  {
    "name": "Protection from Evil and Good",
    "level": 1,
    "ritual": false,
    "school": "Abjuration",
    "casting_time": "1 action",
    "target": "A creature of your choice that you can see within range",
    "range": "Touch",
    "components": "V, S, M",
    "duration": "(Concentration) Up to 10 minutes ",
    "classes": [
      "Cleric",
      "Paladin",
      "Warlock",
      "Wizard"
    ],
    "description": "Until the spell ends, one willing creature you touch is protected against certain types of creatures: aberrations, celestials, elementals, fey, fiends, and undead.\nThe protection grants several benefits. Creatures of those types have disadvantage on attack rolls against the target. The target also can't be charmed, frightened, or possessed by them. If the target is already charmed, frightened, or possessed by such a creature, the target has advantage on any new saving throw against the relevant effect.\n",
    "higher_levels": "",
    "window_open": false
  },
  {
    "name": "Purify Food and Drink",
    "level": 1,
    "ritual": true,
    "school": "Transmutation",
    "casting_time": "1 action",
    "target": "A creature of your choice that you can see within range",
    "range": "10 feet",
    "components": "V, S",
    "duration": "Instantaneous",
    "classes": [
      "Cleric",
      "Druid",
      "Paladin"
    ],
    "description": "All nonmagical food and drink within a 5-foot radius sphere centered on a point of your choice within range is purified and rendered free of poison and disease.\n",
    "higher_levels": "",
    "window_open": false
  },
  {
    "name": "Ray of Sickness",
    "level": 1,
    "ritual": false,
    "school": "Necromancy",
    "casting_time": "1 action",
    "target": "A creature of your choice that you can see within range",
    "range": "60 feet",
    "components": "V, S",
    "duration": "Instantaneous",
    "classes": [
      "Sorcerer",
      "Wizard"
    ],
    "description": "A ray of sickening greenish energy lashes out toward a creature within range. Make a ranged spell attack against the target. On a hit, the target takes 2d8 poison damage and must make a constitution saving throw. On a failed save, it is also poisoned until the end of your next turn.\n",
    "higher_levels": "When you cast this spell using a spell slot of 2nd level or higher, the damage increases by 1d8 for each slot level above 1st.\n",
    "window_open": false
  },
  {
    "name": "Sanctuary",
    "level": 1,
    "ritual": false,
    "school": "Abjuration",
    "casting_time": "1 bonus action",
    "target": "A creature of your choice that you can see within range",
    "range": "30 feet",
    "components": "V, S, M",
    "duration": "1 minute",
    "classes": [
      "Cleric",
      "Paladin"
    ],
    "description": "You ward a creature within range against attack. Until the spell ends, any creature who targets the warded creature with an attack or a harmful spell must first make a wisdom saving throw. On a failed save, the creature must choose a new target or lose the attack or spell. This spell doesn't protect the warded creature from area effects, such as the explosion of a fireball.\nIf the warded creature makes an attack or casts a spell that affects an enemy creature, this spell ends.\n",
    "higher_levels": "",
    "window_open": false
  },
  {
    "name": "Searing Smite",
    "level": 1,
    "ritual": false,
    "school": "Evocation",
    "casting_time": "1 bonus action",
    "target": "A creature of your choice that you can see within range",
    "range": "Self",
    "components": "V",
    "duration": "(Concentration) Up to 1 minute ",
    "classes": [
      "Paladin"
    ],
    "description": "The next time you hit a creature with a melee weapon attack during the spell's duration, your weapon flares with white-hot intensity, and the attack deals an extra 1d6 fire damage to the target and causes the target to ignite in flames. At the start of each of its turns until the spell ends, the target must make a constitution saving throw. On a failed save, it takes 1d6 fire damage. On a successful save, the spell ends. If the target or a creature within 5 feet of it uses an action to put out the flames, or if some other effect douses the flames (such as the target being submerged in water), the spell ends.\n",
    "higher_levels": "When you cast this spell using a spell slot of 2nd level or higher, the initial extra damage dealt by the attack increases by 1d6 for each slot level above 1st.\n",
    "window_open": false
  },
  {
    "name": "Shield",
    "level": 1,
    "ritual": false,
    "school": "Abjuration",
    "casting_time": "1 reaction",
    "target": "A creature of your choice that you can see within range",
    "range": "Self",
    "components": "V, S",
    "duration": "1 round",
    "classes": [
      "Sorcerer",
      "Wizard"
    ],
    "description": "An invisible barrier of magical force appears and protects you. Until the start of your next turn, you have a +5 bonus to AC, including against the triggering attack, and you take no damage from magic missile.\n",
    "higher_levels": "",
    "window_open": false
  },
  {
    "name": "Shield of Faith",
    "level": 1,
    "ritual": false,
    "school": "Abjuration",
    "casting_time": "1 bonus action",
    "target": "A creature of your choice that you can see within range",
    "range": "60 feet",
    "components": "V, S, M",
    "duration": "(Concentration) Up to 10 minutes ",
    "classes": [
      "Cleric",
      "Paladin"
    ],
    "description": "A shimmering field appears and surrounds a creature of your choice within range, granting it a +2 bonus to AC for the duration.\n",
    "higher_levels": "",
    "window_open": false
  },
  {
    "name": "Silent Image",
    "level": 1,
    "ritual": false,
    "school": "Illusion",
    "casting_time": "1 action",
    "target": "A creature of your choice that you can see within range",
    "range": "60 feet",
    "components": "V, S, M",
    "duration": "(Concentration) Up to 10 minutes ",
    "classes": [
      "Bard",
      "Sorcerer",
      "Wizard"
    ],
    "description": "You create the image of an object, a creature, or some other visible phenomenon that is no larger than a 15-foot cube. The image appears at a spot within range and lasts for the duration. The image is purely visual; it isn't accompanied by sound, smell, or other sensory effects.\nYou can use your action to cause the image to move to any spot within range. As the image changes location, you can alter its appearance so that its movements appear natural for the image. For example, if you create an image of a creature and move it, you can alter the image so that it appears to be walking.\nPhysical interaction with the image reveals it to be an illusion, because things can pass through it. A creature that uses its action to examine the image can determine that it is an illusion with a successful Intelligence (Investigation) check against your spell save DC. If a creature discerns the illusion for what it is, the creature can see through the image.\n",
    "higher_levels": "",
    "window_open": false
  },
  {
    "name": "Sleep",
    "level": 1,
    "ritual": false,
    "school": "Enchantment",
    "casting_time": "1 action",
    "target": "A creature of your choice that you can see within range",
    "range": "90 feet",
    "components": "V, S, M",
    "duration": "1 minute",
    "classes": [
      "Bard",
      "Sorcerer",
      "Warlock",
      "Wizard"
    ],
    "description": "This spell sends creatures into a magical slumber. Roll 5d8; the total is how many hit points of creatures this spell can affect. Creatures within 20 feet of a point you choose within range are affected in ascending order of their current hit points (ignoring unconscious creatures).\nStarting with the creature that has the lowest current hit points, each creature affected by this spell falls unconscious until the spell ends, the sleeper takes damage, or someone uses an action to shake or slap the sleeper awake. Subtract each creature's hit points from the total before moving on to the creature with the next lowest hit points. A creature's hit points must be equal to or less than the remaining total for that creature to be affected.\nUndead and creatures immune to being charmed aren't affected by this spell.\n",
    "higher_levels": "When you cast this spell using a spell slot of 2nd level or higher, roll an additional 2d8 for each slot level above 1st.\n",
    "window_open": false
  },
  {
    "name": "Speak with Animals",
    "level": 1,
    "ritual": true,
    "school": "Divination",
    "casting_time": "1 action",
    "target": "A creature of your choice that you can see within range",
    "range": "Self",
    "components": "V, S",
    "duration": "10 minutes",
    "classes": [
      "Bard",
      "Cleric",
      "Druid",
      "Paladin",
      "Ranger"
    ],
    "description": "You gain the ability to comprehend and verbally communicate with beasts for the duration. The knowledge and awareness of many beasts is limited by their intelligence, but at a minimum, beasts can give you information about nearby locations and monsters, including whatever they can perceive or have perceived within the past day. You might be able to persuade a beast to perform a small favor for you, at the DM's discretion.\n",
    "higher_levels": "",
    "window_open": false
  },
  {
    "name": "Tasha's Hideous Laughter",
    "level": 1,
    "ritual": false,
    "school": "Enchantment",
    "casting_time": "1 action",
    "target": "A creature of your choice that you can see within range",
    "range": "30 feet",
    "components": "V, S, M",
    "duration": "(Concentration) Up to 1 minute ",
    "classes": [
      "Bard",
      "Warlock",
      "Wizard"
    ],
    "description": "A creature of your choice that you can see within range perceives everything as hilariously funny and falls into fits of laughter if this spell affects it. The target must succeed on a wisdom saving throw or fall prone, becoming incapacitated and unable to stand up for the duration. A creature with an Intelligence score of 4 or less isn't affected.\nAt the end of each of its turns, and each time it takes damage, the target can make another wisdom saving throw. The target had advantage on the saving throw if it's triggered by damage. On a success, the spell ends.\n",
    "higher_levels": "",
    "window_open": false
  },
  {
    "name": "Tenser's Floating Disk",
    "level": 1,
    "ritual": true,
    "school": "Conjuration",
    "casting_time": "1 action",
    "target": "A creature of your choice that you can see within range",
    "range": "30 feet",
    "components": "V, S, M",
    "duration": "1 hour",
    "classes": [
      "Wizard"
    ],
    "description": "This spell creates a circular, horizontal plane of force, 3 feet in diameter and 1 inch thick, that floats 3 feet above the ground in an unoccupied space of your choice that you can see within range. The disk remains for the duration, and can hold up to 500 pounds. If more weight is placed on it, the spell ends, and everything on the disk falls to the ground.\nThe disk is immobile while you are within 20 feet of it. If you move more than 20 feet away from it, the disk follows you so that it remains within 20 feet of you. If can move across uneven terrain, up or down stairs, slopes and the like, but it can't cross an elevation change of 10 feet or more. For example, the disk can't move across a 10-foot-deep pit, nor could it leave such a pit if it was created at the bottom.\nIf you move more than 100 feet away from the disk (typically because it can't move around an obstacle to follow you), the spell ends.\n",
    "higher_levels": "",
    "window_open": false
  },
  {
    "name": "Thunderous Smite",
    "level": 1,
    "ritual": false,
    "school": "Evocation",
    "casting_time": "1 bonus action",
    "target": "A creature of your choice that you can see within range",
    "range": "Self",
    "components": "V",
    "duration": "(Concentration) Up to 1 minute ",
    "classes": [
      "Paladin"
    ],
    "description": "The first time you hit with a melee weapon attack during this spell's duration, your weapon rings with thunder that is audible within 300 feet of you, and the attack deals an extra 2d6 thunder damage to the target. Additionally, if the target is a creature, it must succeed on a strength saving throw or be pushed 10 feet away from you and knocked prone.\n",
    "higher_levels": "",
    "window_open": false
  },
  {
    "name": "Thunderwave",
    "level": 1,
    "ritual": false,
    "school": "Evocation",
    "casting_time": "1 action",
    "target": "A creature of your choice that you can see within range",
    "range": "Self",
    "components": "V, S",
    "duration": "Instantaneous",
    "classes": [
      "Bard",
      "Cleric",
      "Druid",
      "Sorcerer",
      "Wizard"
    ],
    "description": "A wave of thunderous force sweeps out from you. Each creature in a 15-foot cube originating from you must make a constitution saving throw. On a failed save, a creature takes 2d8 thunder damage and is pushed 10 feet away from you. On a successful save, the creature takes half as much damage and isn't pushed.\nIn addition, unsecured objects that are completely within the area of effect are automatically pushed 10 feet away from you by the spell's effect, and the spell emits a thunderous boom audible out to 300 feet.\n",
    "higher_levels": "When you cast this spell using a spell slot of 2nd level or higher, the damage increases by 1d8 for each slot level above 1st.\n",
    "window_open": false
  },
  {
    "name": "Unseen Servant",
    "level": 1,
    "ritual": true,
    "school": "Conjuration",
    "casting_time": "1 action",
    "target": "A creature of your choice that you can see within range",
    "range": "60 feet",
    "components": "V, S, M",
    "duration": "1 hour",
    "classes": [
      "Bard",
      "Warlock",
      "Wizard"
    ],
    "description": "This spell creates an invisible, mindless, shapeless force that performs simple tasks at your command until the spell ends. The servant springs into existence in an unoccupied space on the ground within range. It has AC 10, 1 hit point, and a Strength of 2, and it can't attack. If it drops to 0 hit points, the spell ends.\nOnce on each of your turns as a bonus action, you can mentally command the servant to move up to 15 feet and interact with an object. The servant can perform simple tasks that a human servant could do, such as fetching things, cleaning, mending, folding clothes, lighting fires, serving food, and pouring wind. Once you give the command, the servant performs the task to the best of its ability until it completes the task, then waits for your next command.\nIf you command the servant to perform a task that would move it more than 60 feet away from you, the spell ends.\n",
    "higher_levels": "",
    "window_open": false
  },
  {
    "name": "Witch Bolt",
    "level": 1,
    "ritual": false,
    "school": "Evocation",
    "casting_time": "1 action",
    "target": "A creature of your choice that you can see within range",
    "range": "30 feet",
    "components": "V, S, M",
    "duration": "(Concentration) Up to 1 minute ",
    "classes": [
      "Sorcerer",
      "Warlock",
      "Wizard"
    ],
    "description": "A beam of crackling, blue energy lances out toward a creature within range, forming a sustained arc of lightning between you and the target. Make a ranged spell attack against that creature. On a hit, the target takes 1d12 lightning damage, and on each of your turns for the duration, you can use your action to deal 1d12 lightning damage to the target automatically. The spell ends if you use your action to do anything else. The spell also ends if the target is ever outside the spell's range or if it has total cover from you.\n",
    "higher_levels": "When you cast this spell using a spell slot of 2nd level or higher, the damage increases by 1d12 for each slot level above 1st.\n",
    "window_open": false
  },
  {
    "name": "Wrathful Smite",
    "level": 1,
    "ritual": false,
    "school": "Evocation",
    "casting_time": "1 bonus action",
    "target": "A creature of your choice that you can see within range",
    "range": "Self",
    "components": "V",
    "duration": "(Concentration) Up to 1 minute ",
    "classes": [
      "Paladin"
    ],
    "description": "The next time you hit with a melee weapon attack during this spell's duration, your attack deals an extra 1d6 psychic damage. Additionally, if the target is a creature, it must make a wisdom saving throw or be frightened of you until the spell ends. As an action, the creature can make a Wisdom check against your spell save DC to steel its resolve and end this spell.\n",
    "higher_levels": "",
    "window_open": false
  }
]