[
  {
    "name": "Aganazzar's Scorcher",
    "level": 2,
    "ritual": false,
    "school": "Evocation",
    "casting_time": "1 action",
    "target": "A creature of your choice that you can see within range",
    "range": "30 feet",
    "components": "V, S, M",
    "duration": "Instantaneous",
    "classes": [
      "Sorcerer",
      "Wizard"
    ],
    "description": "A line of roaring flame 30 feet long and 5 feet wide emanates from you in a direction you choose. Each creature in the line must make a Dexterity saving throw. A creature takes 3d8 fire damage on a failed save, or half as much damage on a successful one.\n",
    "higher_levels": "When you cast this spell using a spell slot of 3nd level or higher, the damage increases by 1d8 for each slot level above 2st.\n",
    "window_open": false
  },
  {
    "name": "Aid",
    "level": 2,
    "ritual": false,
    "school": "Abjuration",
    "casting_time": "1 action",
    "target": "A creature of your choice that you can see within range",
    "range": "30 feet",
    "components": "V, S, M",
    "duration": "8 hours",
    "classes": [
      "Cleric",
      "Paladin"
    ],
    "description": "Your spell bolsters your allies with toughness and resolve. Choose up to three creatures within range. Each target's hit point maximum and current hit points increase by 5 for the duration.\n",
    "higher_levels": "When you cast this spell using a spell slot of 3rd level or higher, a target's hit points increase by an additional 5 for each slot level above 2nd.\n",
    "window_open": false
  },
  {
    "name": "Alter Self",
    "level": 2,
    "ritual": false,
    "school": "Transmutation",
    "casting_time": "1 action",
    "target": "A creature of your choice that you can see within range",
    "range": "Self",
    "components": "V, S",
    "duration": "(Concentration) Up to 1 hour ",
    "classes": [
      "Sorcerer",
      "Wizard"
    ],
    "description": "You assume a different form. When you cast the spell, choose one of the following options, the effects of which last for the duration of the spell. While the spell lasts, you can end one option as an action to gain the benefits of a different one.\n<b>Aquatic Adaptation.</b> You adapt your body to an aquatic environment, sprouting gills and growing webbing between your fingers. You can breathe underwater and gain a swimming speed equal to your walking speed.\n<b>Change Appearance.</b> You transform your appearance. You decide what you look like, including your height, weight, facial features, sound of your voice, hair length, coloration, and distinguishing characteristics, if any. You can make yourself appear as a member of another race, though none of your statistics change. You also can't appear as a creature of a different size than you, and your basic shape stays the same; if you're bipedal, you can't use this spell to become quadrupedal, for instance. At any time for the duration of the spell, you can use your action to change your appearance in this way again.\n<b>Natural Weapons.</b> You grow claws, fangs, spines, horns, or a different natural weapon of your choice. Your unarmed strikes deal 1d6 bludgeoning, piercing, or slashing damage, as appropriate to the natural weapon you chose, and you are proficient with your unarmed strikes. Finally, the natural weapon is magic and you have a +1 bonus to the attack and damage rolls you make using it.\n",
    "higher_levels": "",
    "window_open": false
  },
  {
    "name": "Animal Messenger",
    "level": 2,
    "ritual": true,
    "school": "Enchantment",
    "casting_time": "1 action",
    "target": "A creature of your choice that you can see within range",
    "range": "30 feet",
    "components": "V, S, M",
    "duration": "24 hours",
    "classes": [
      "Bard",
      "Druid",
      "Ranger"
    ],
    "description": "By means of this spell, you use an animal to deliver a message. Choose a Tiny beast you can see within range, such as a squirrel, a blue jay, or a bat. You specify a location, which you must have visited, and a recipient who matches a general description, such as \u00e2\u20ac\u015ba man or woman dressed in the uniform of the town guard\u00e2\u20ac\u0165 or \u00e2\u20ac\u015ba red-haired dwarf wearing a pointed hat.\u00e2\u20ac\u0165 You also speak a message of up to twenty-five words. The target beast travels for the duration of the spell toward the specified location, covering about 50 miles per 24 hours for a flying messenger, or 25 miles for other animals.\nWhen the messenger arrives, it delivers your message to the creature that you described, replicating the sound of your voice. The messenger speaks only to a creature matching the description you gave. If the messenger doesn't reach its destination before the spell ends, the message is lost, and the beast makes its way back to where you cast this spell.\n",
    "higher_levels": "If you cast this spell using a spell slot of 3nd level or higher, the duration of the spell increases by 48 hours for each slot level above 2nd.\n",
    "window_open": false
  },
  {
    "name": "Arcane Lock",
    "level": 2,
    "ritual": false,
    "school": "Abjuration",
    "casting_time": "1 action",
    "target": "A creature of your choice that you can see within range",
    "range": "Touch",
    "components": "V, S, M",
    "duration": "Until dispelled",
    "classes": [
      "Wizard"
    ],
    "description": "You touch a closed door, window, gate, chest, or other entryway, and it becomes locked for the duration. You and the creatures you designate when you cast this spell can open the object normally. You can also set a password that, when spoken within 5 feet of the object, suppresses this spell for 1 minute. Otherwise, it is impassable until it is broken or the spell is dispelled or suppressed. Casting knock on the object suppresses arcane lock for 10 minutes.\nWhile affected by this spell, the object is more difficult to break or force open; the DC to break it or pick any locks on it increases by 10.\n",
    "higher_levels": "",
    "window_open": false
  },
  {
    "name": "Augury",
    "level": 2,
    "ritual": true,
    "school": "Divination",
    "casting_time": "1 minute",
    "target": "A creature of your choice that you can see within range",
    "range": "Self",
    "components": "V, S, M",
    "duration": "Instantaneous",
    "classes": [
      "Cleric"
    ],
    "description": "By casting gem-inlaid sticks, rolling dragon bones, laying out ornate cards, or employing some other divining tool, you receive an omen from an otherworldly entity about the results of a specific course of action that you plan to take within the next 30 minutes. The DM chooses from the following possible omens:\n- Weal, for good results\n- Woe, for bad results\n- Weal and woe, for both good and bad results\n- Nothing, for results that aren't especially good or bad\nThe spell doesn't take into account any possible circumstances that might change the outcome, such as the casting of additional spells or the loss or gain of a companion.\nIf you cast the spell two or more times before completing your next long rest, there is a cumulative 25 percent chance for each casting after the first that you get a random reading. The DM makes this roll in secret.\n",
    "higher_levels": "",
    "window_open": false
  },
  {
    "name": "Barkskin",
    "level": 2,
    "ritual": false,
    "school": "Transmutation",
    "casting_time": "1 action",
    "target": "A creature of your choice that you can see within range",
    "range": "Touch",
    "components": "V, S, M",
    "duration": "(Concentration) Up to 1 hour ",
    "classes": [
      "Cleric",
      "Druid",
      "Ranger"
    ],
    "description": "You touch a willing creature. Until the spell ends, the target's skin has a rough, bark-like appearance, and the target's AC can't be less than 16, regardless of what kind of armor it is wearing.\n",
    "higher_levels": "",
    "window_open": false
  },
  {
    "name": "Beast Sense",
    "level": 2,
    "ritual": true,
    "school": "Divination",
    "casting_time": "1 action",
    "target": "A creature of your choice that you can see within range",
    "range": "Touch",
    "components": "S",
    "duration": "(Concentration) Up to 1 hour ",
    "classes": [
      "Druid",
      "Ranger"
    ],
    "description": "You touch a willing beast. For the duration of the spell, you can use your action to see through the beast's eyes and hear what it hears, and continue to do so until you use your action to return to your normal senses. While perceiving through the beast's senses, you gain the benefits of any special senses possessed by that creature, though you are blinded and deafened to your own surroundings.\n",
    "higher_levels": "",
    "window_open": false
  },
  {
    "name": "Blindness/Deafness",
    "level": 2,
    "ritual": false,
    "school": "Necromancy",
    "casting_time": "1 action",
    "target": "A creature of your choice that you can see within range",
    "range": "30 feet",
    "components": "V",
    "duration": "1 minute",
    "classes": [
      "Bard",
      "Cleric",
      "Sorcerer",
      "Warlock",
      "Wizard"
    ],
    "description": "You can blind or deafen a foe. Choose one creature that you can see within range to make a constitution saving throw. If it fails, the target is either blinded or deafened (your choice) for the duration. At the end of each of its turns, the target can make a constitution saving throw. On a success, the spell ends.\n",
    "higher_levels": "When you cast this spell using a spell slot of 3rd level or higher, you can target one additional creature for each slot level above 2nd.\n",
    "window_open": false
  },
  {
    "name": "Blur",
    "level": 2,
    "ritual": false,
    "school": "Illusion",
    "casting_time": "1 action",
    "target": "A creature of your choice that you can see within range",
    "range": "Self",
    "components": "V",
    "duration": "(Concentration) Up to 1 minute ",
    "classes": [
      "Druid",
      "Sorcerer",
      "Wizard"
    ],
    "description": "Your body becomes blurred, shifting and wavering to all who can see you. For the duration, any creature has disadvantage on attack rolls against you. An attacker is immune to this effect if it doesn't rely on sight, as with blindsight, or can see through illusions, as with truesight.\n",
    "higher_levels": "",
    "window_open": false
  },
  {
    "name": "Branding Smite",
    "level": 2,
    "ritual": false,
    "school": "Evocation",
    "casting_time": "1 bonus action",
    "target": "A creature of your choice that you can see within range",
    "range": "Self",
    "components": "V",
    "duration": "(Concentration) Up to 1 minute ",
    "classes": [
      "Paladin"
    ],
    "description": "The next time you hit a creature with a weapon attack before this spell ends, the weapon gleams with astral radiance as you strike. The attack deals an extra 2d6 radiant damage to the target, which becomes visible if it's invisible, and the target sheds dim light in a 5-foot radius and can't become invisible until the spell ends.\n",
    "higher_levels": "When you cast this spell using a spell slot of 3rd level or higher, the extra damage increases by 1d6 for each slot level above 2nd.\n",
    "window_open": false
  },
  {
    "name": "Calm Emotions",
    "level": 2,
    "ritual": false,
    "school": "Enchantment",
    "casting_time": "1 action",
    "target": "A creature of your choice that you can see within range",
    "range": "60 feet",
    "components": "V, S",
    "duration": "(Concentration) Up to 1 minute ",
    "classes": [
      "Bard",
      "Cleric",
      "Warlock"
    ],
    "description": "You attempt to suppress strong emotions in a group of people. Each humanoid in a 20-foot-radius sphere centered on a point you choose within range must make a charisma saving throw; a creature can choose to fail this saving throw if it wishes. If a creature fails its saving throw, choose one of the following two effects. You can suppress any effect causing a target to be charmed or frightened. When this spell ends, any suppressed effect resumes, provided that its duration has not expired in the meantime.\nAlternatively, you can make a target indifferent about creatures of your choice that it is hostile toward. This indifference ends if the target is attacked or harmed by a spell or if it witnesses any of its friends being harmed. When the spell ends, the creature becomes hostile again, unless the DM rules otherwise.\n",
    "higher_levels": "",
    "window_open": false
  },
  {
    "name": "Cloud of Daggers",
    "level": 2,
    "ritual": false,
    "school": "Conjuration",
    "casting_time": "1 action",
    "target": "A creature of your choice that you can see within range",
    "range": "60 feet",
    "components": "V, S, M",
    "duration": "(Concentration) Up to 1 minute ",
    "classes": [
      "Bard",
      "Sorcerer",
      "Warlock",
      "Wizard"
    ],
    "description": "You fill the air with spinning daggers in a cube 5 feet on each side, centered on a point you choose within range. A creature takes 4d4 slashing damage when it enters the spell's area for the first time on a turn or starts its turn there.\n",
    "higher_levels": "When you cast this spell using a spell slot of 3rd level or higher, the damage increases by 2d4 for each slot level above 2nd.\n",
    "window_open": false
  },
  {
    "name": "Continual Flame",
    "level": 2,
    "ritual": false,
    "school": "Evocation",
    "casting_time": "1 action",
    "target": "A creature of your choice that you can see within range",
    "range": "Touch",
    "components": "V, S, M",
    "duration": "Until dispelled",
    "classes": [
      "Cleric",
      "Wizard"
    ],
    "description": "A flame, equivalent in brightness to a torch, springs forth from an object that you touch. The effect looks like a regular flame, but it creates no heat and doesn't use oxygen. A continual flame can be covered or hidden but not smothered or quenched.\n",
    "higher_levels": "",
    "window_open": false
  },
  {
    "name": "Cordon of Arrows",
    "level": 2,
    "ritual": false,
    "school": "Transmutation",
    "casting_time": "1 action",
    "target": "A creature of your choice that you can see within range",
    "range": "5 feet",
    "components": "V, S, M",
    "duration": "8 hours",
    "classes": [
      "Ranger"
    ],
    "description": "You plant four pieces of nonmagical ammunition\u00e2\u20ac\u201darrows or crossbow bolts\u00e2\u20ac\u201din the ground within range and lay magic upon them to protect an area. Until the spell ends, whenever a creature other than you comes within 30 feet of the ammunition for the first time on a turn or ends its turn there, one piece of ammunition flies up to strike it. The creature must succeed on a dexterity saving throw or take 1d6 piercing damage. The piece of ammunition is then destroyed. The spell ends when no ammunition remains.\nWhen you cast this spell, you can designate any creatures you choose, and the spell ignores them.\n",
    "higher_levels": "When you cast this spell using a spell slot of 3rd level or higher, the amount of ammunition that can be affected increases by two for each slot level above 2nd.\n",
    "window_open": false
  },
  {
    "name": "Crown of Madness",
    "level": 2,
    "ritual": false,
    "school": "Enchantment",
    "casting_time": "1 action",
    "target": "A creature of your choice that you can see within range",
    "range": "120 feet",
    "components": "V, S",
    "duration": "(Concentration) Up to 1 minute ",
    "classes": [
      "Bard",
      "Sorcerer",
      "Warlock",
      "Wizard"
    ],
    "description": "One humanoid of your choice that you can see within range must succeed on a wisdom saving throw or become charmed by you for the duration. While the target is charmed in this way, a twisted crown of jagged iron appears on its head, and a madness glows in its eyes.\nThe charmed target must use its action before moving on each of its turns to make a melee attack against a creature other than itself that you mentally choose.\nThe target can act normally on its turn if you choose no creature or if none are within its reach.\nOn your subsequent turns, you must use your action to maintain control over the target, or the spell ends. Also, the target can make a wisdom saving throw at the end of each of its turns. On a success, the spell ends.\n",
    "higher_levels": "",
    "window_open": false
  },
  {
    "name": "Darkness",
    "level": 2,
    "ritual": false,
    "school": "Evocation",
    "casting_time": "1 action",
    "target": "A creature of your choice that you can see within range",
    "range": "60 feet",
    "components": "V, M",
    "duration": "(Concentration) Up to 10 minutes ",
    "classes": [
      "Druid",
      "Sorcerer",
      "Warlock",
      "Wizard"
    ],
    "description": "Magical darkness spreads from a point you choose within range to fill a 15-foot-radius sphere for the duration. The darkness spreads around corners. A creature with darkvision can't see through this darkness, and nonmagical light can't illuminate it.\nIf the point you choose is on an object you are holding or one that isn't being worn or carried, the darkness emanates from the object and moves with it. Completely covering the source of the darkness with an opaque object, such as a bowl or a helm, blocks the darkness.\nIf any of this spell's area overlaps with an area of light created by a spell of 2nd level or lower, the spell that created the light is dispelled.\n",
    "higher_levels": "",
    "window_open": false
  },
  {
    "name": "Darkvision",
    "level": 2,
    "ritual": false,
    "school": "Transmutation",
    "casting_time": "1 action",
    "target": "A creature of your choice that you can see within range",
    "range": "Touch",
    "components": "V, S, M",
    "duration": "8 hours",
    "classes": [
      "Druid",
      "Ranger",
      "Sorcerer",
      "Wizard"
    ],
    "description": "You touch a willing creature to grant it the ability to see in the dark. For the duration, that creature has darkvision out to a range of 60 feet.\n",
    "higher_levels": "",
    "window_open": false
  },
  {
    "name": "Detect Thoughts",
    "level": 2,
    "ritual": false,
    "school": "Divination",
    "casting_time": "1 action",
    "target": "A creature of your choice that you can see within range",
    "range": "Self",
    "components": "V, S, M",
    "duration": "(Concentration) Up to 1 minute ",
    "classes": [
      "Bard",
      "Sorcerer",
      "Warlock",
      "Wizard"
    ],
    "description": "For the duration of the spell, you can read the thoughts of some creatures. While casting the spell and at your action in each round until the spell, you may focus your mind on a creature you can see 30 feet of you. If the chosen creature has an Intelligence of 3 or less, or if she does not speak any language, the creature is not affected.\nYou first read the surface thoughts of the creature, which occupies her mind at that moment. In an action, you can direct your attention to the thoughts of another creature or attempt to deepen your reading thoughts of the same creature. If you deepen your reading, the target must make a backup of Wisdom, otherwise you get access to his argument (if any), in his emotional state and thought that concerns his mind on a broader spectrum Such a concern, love or hate. If successful, the spell ends. In all cases, the target is aware that his mind is under your eyes. Unless you are directing your attention to the thoughts of another creature, the target can use his action turn to roll Intelligence opposite your roll Intelligence. If she has the upper hand, the spell ends.\nThe questions verbally directed to the target guide the train of thought. This spell is especially effective during an interrogation.\nYou can also use this spell to detect the presence of thinking creatures that are invisible to you. When you cast this spell, or in an action for the duration of the spell, you can find thoughts to 30 feet of you. The spell can override most obstacles but it is blocked by 2 feet stone 2 inches of precious metal, or a thin sheet of lead. You can not detect a creature with an Intelligence of 3 or less or speaking any language.\nAfter detecting the presence of a creature in this way, you can read his thoughts for the rest of the spell's duration as described above, even if you can not see it, but only if it remains in the range of the spell.\n",
    "higher_levels": "",
    "window_open": false
  },
  {
    "name": "Dust Devil",
    "level": 2,
    "ritual": false,
    "school": "Conjuration",
    "casting_time": "1 action",
    "target": "A creature of your choice that you can see within range",
    "range": "60 feet",
    "components": "V, S, M",
    "duration": "(Concentration) Up to 1 minute ",
    "classes": [
      "Druid",
      "Sorcerer",
      "Wizard"
    ],
    "description": "Choose an unoccupied 5-foot cube of air that you can see within range. An elemental force that resembles a dust devil appears in the cube and lasts for the spell's duration.\nAny creature that ends its turn within 5 feet of the dust devil must make a Strength saving throw. On a failed save, the creature takes 1d8 bludgeoning damage and is pushed 10 feet away. On a successful save, the creature takes half as much damage and isn't pushed.\nAs a bonus action, you can move the dust devil up to 30 feet in any direction. If the dust devil moves over sand, dust, loose dirt, or small gravel, it sucks up the material and forms a 10-foot-radius cloud of debris around itself that lasts until the start of your next turn. The cloud heavily obscures its area.\n",
    "higher_levels": "When you cast this spell using a spell slot of 3rd level or higher, the damage increases by 1d8 for each slot level above 2nd.\n",
    "window_open": false
  },
  {
    "name": "Earthbind",
    "level": 2,
    "ritual": false,
    "school": "Transmutation",
    "casting_time": "1 action",
    "target": "A creature of your choice that you can see within range",
    "range": "300 feet",
    "components": "V",
    "duration": "(Concentration) Up to 1 minute ",
    "classes": [
      "Druid",
      "Sorcerer",
      "Warlock",
      "Wizard"
    ],
    "description": "Choose one creature you can see within range. Yellow strips of magical energy loop around the creature. The target must succeed on a Strength saving throw or its flying speed (if any) is reduced to 0 feet for the spell's duration. An airborne creature affected by this spell descends at 60 feet per round until it reaches the ground or the spell ends.\n",
    "higher_levels": "",
    "window_open": false
  },
  {
    "name": "Enhance Ability",
    "level": 2,
    "ritual": false,
    "school": "Transmutation",
    "casting_time": "1 action",
    "target": "A creature of your choice that you can see within range",
    "range": "Touch",
    "components": "V, S, M",
    "duration": "(Concentration) Up to 1 hour ",
    "classes": [
      "Bard",
      "Cleric",
      "Druid",
      "Sorcerer"
    ],
    "description": "You touch a creature and bestow upon it a magical enhancement. Choose one of the following effects; the target gains that effect until the spell ends.\n<b>Bear's Endurance.</b> The target has advantage on constitution checks. It also gains 2d6 temporary hit points, which are lost when the spell ends. \n<b>Bull's Strength.</b> The target has advantage on strength checks, and his or her carrying capacity doubles.\n<b>Cat's Grace.</b> The target has advantage on dexterity checks. It also doesn't take damage from falling 20 feet or less if it isn't incapacitated.\n<b>Eagle's Splendor.</b> The target has advantage on Charisma checks.\n<b>Fox's Cunning.</b> The target has advantage on intelligence checks.\n<b>Owl's Wisdom.</b> The target has advantage on wisdom checks.\n",
    "higher_levels": "When you cast this spell using a spell slot of 3rd level or higher, you can target one additional creature for each slot level above 2nd.\n",
    "window_open": false
  },
  {
    "name": "Enlarge/Reduce",
    "level": 2,
    "ritual": false,
    "school": "Transmutation",
    "casting_time": "1 action",
    "target": "A creature of your choice that you can see within range",
    "range": "30 feet",
    "components": "V, S, M",
    "duration": "(Concentration) Up to 1 minute ",
    "classes": [
      "Sorcerer",
      "Wizard"
    ],
    "description": "Enlarging or reducing in size a creature or object that you can see and is within range for the duration of the spell. Choose a creature or object that is not worn or carried. If the target does not consent, it can make a constitution saving throw. If successful, the spell has no effect.\nIf the target is a creature, everything she wears and carries with it change size. Any item dropped by the affected creature returns to its normal size.\n<b>Magnification.</b> The double target in all dimensions, and its weight is multiplied by eight. This increases the size of a class of M to G for example. If there is not enough space in the room for the double target size, the creature or object reaches the maximum size possible in the available space. Until the end of the spell, the target also has the advantage of its jets Force and Force saves. Weapons to the target also grow. As long as these weapons are enlarged, the target's attacks cause additional 1d4 damage.\n<b>Reduction.</b> The size of the target is reduced by half in all dimensions, and its weight is divided by eight. This reduction decreases the size of a class from M to P for example. Until the end of the spell, the target has a disadvantage to its jets Force and its Force saves. The weapons of the target shrink too. As long as these weapons are reduced, target attacks cause less damage 1d4 (minimum 1 point of damage).\n ",
    "higher_levels": "",
    "window_open": false
  },
  {
    "name": "Enthrall",
    "level": 2,
    "ritual": false,
    "school": "Enchantment",
    "casting_time": "1 action",
    "target": "A creature of your choice that you can see within range",
    "range": "60 feet",
    "components": "V, S",
    "duration": "1 minute",
    "classes": [
      "Bard",
      "Warlock"
    ],
    "description": "You weave a distracting string of words, causing creatures of your choice that you can see within range and that can hear you to make a wisdom saving throw. Any creature that can't be charmed succeeds on this saving throw automatically, and if you or your companions are fighting a creature, it has advantage on the save. On a failed save, the target has disadvantage on Wisdom (Perception) checks made to perceive any creature other than you until the spell ends or until the target can no longer hear you. The spell ends if you are incapacitated or can no longer speak.\n",
    "higher_levels": "",
    "window_open": false
  },
  {
    "name": "Find Steed",
    "level": 2,
    "ritual": false,
    "school": "Conjuration",
    "casting_time": "10 minutes",
    "target": "A creature of your choice that you can see within range",
    "range": "30 feet",
    "components": "V, S",
    "duration": "Instantaneous",
    "classes": [
      "Paladin"
    ],
    "description": "You summon a spirit that assumes the form of an unusually intelligent, strong, and loyal steed, creating a long-lasting bond with it. Appearing in an unoccupied space within range, the steed takes on a form that you choose, such as a warhorse, a pony, a camel, an elk, or a mastiff. (Your DM might allow other animals to be summoned as steeds.) The steed has the statistics of the chosen form, though it is a celestial, fey, or fiend (your choice) instead of its normal type. Additionally, if your steed has an Intelligence of 5 or less, its Intelligence becomes 6, and it gains the ability to understand one language of your choice that you speak.\nYour steed serves you as a mount, both in combat and out, and you have an instinctive bond with it that allows you to fight as a seamless unit. While mounted on your steed, you can make any spell you cast that targets only you also target your steed.\nWhen the steed drops to 0 hit points, it disappears, leaving behind no physical form. You can also dismiss your steed at any time as an action, causing it to disappear. In either case, casting this spell again summons the same steed, restored to its hit point maximum.\nWhile your steed is within 1 mile of you, you can communicate with it telepathically.\nYou can't have more than one steed bonded by this spell at a time. As an action, you can release the steed from its bond at any time, causing it to disappear.\n",
    "higher_levels": "",
    "window_open": false
  },
  {
    "name": "Find Traps",
    "level": 2,
    "ritual": false,
    "school": "Divination",
    "casting_time": "1 action",
    "target": "A creature of your choice that you can see within range",
    "range": "120 feet",
    "components": "V, S",
    "duration": "Instantaneous",
    "classes": [
      "Cleric",
      "Druid",
      "Ranger"
    ],
    "description": "You sense the presence of any trap within range that is within line of sight. A trap, for the purpose of this spell, includes anything that would inflict a sudden or unexpected effect you consider harmful or undesirable, which was specifically intended as such by its creator. Thus, the spell would sense an area affected by the alarm spell, a glyph of warding, or a mechanical pit trap, but it would not reveal a natural weakness in the floor, an unstable ceiling, or a hidden sinkhole.\nThis spell merely reveals that a trap is present. You don't learn the location of each trap, but you do learn the general nature of the danger posed by a trap you sense.\n",
    "higher_levels": "",
    "window_open": false
  },
  {
    "name": "Flame Blade",
    "level": 2,
    "ritual": false,
    "school": "Evocation",
    "casting_time": "1 bonus action",
    "target": "A creature of your choice that you can see within range",
    "range": "Self",
    "components": "V, S, M",
    "duration": "(Concentration) Up to 10 minutes ",
    "classes": [
      "Druid"
    ],
    "description": "You evoke a fiery blade in your free hand. The blade is similar in size and shape to a scimitar, and it lasts for the duration. If you let go of the blade, it disappears, but you can evoke the blade again as a bonus action.\nYou can use your action to make a melee spell attack with the fiery blade. On a hit, the target takes 3d6 fire damage.\nThe flaming blade sheds bright light in a 10-foot radius and dim light for an additional 10 feet.\n",
    "higher_levels": "When you cast this spell using a spell slot of 4th level or higher, the damage increases by 1d6 for every two slot levels above 2nd.\n",
    "window_open": false
  },
  {
    "name": "Flaming Sphere",
    "level": 2,
    "ritual": false,
    "school": "Conjuration",
    "casting_time": "1 action",
    "target": "A creature of your choice that you can see within range",
    "range": "60 feet",
    "components": "V, S, M",
    "duration": "(Concentration) Up to 1 minute ",
    "classes": [
      "Cleric",
      "Druid",
      "Wizard"
    ],
    "description": "A 5-foot-diameter sphere of fire appears in an unoccupied space of your choice within range and lasts for the duration. Any creature that ends its turn within 5 feet of the sphere must make a dexterity saving throw. The creature takes 2d6 fire damage on a failed save, or half as much damage on a successful one.\nAs a bonus action, you can move the sphere up to 30 feet. If you ram the sphere into a creature, that creature must make the saving throw against the sphere's damage, and the sphere stops moving this turn.\nWhen you move the sphere, you can direct it over barriers up to 5 feet tall and jump it across pits up to 10 feet wide. The sphere ignites flammable objects not being worn or carried, and it sheds bright light in a 20-foot radius and dim light for an additional 20 feet.\n",
    "higher_levels": "When you cast this spell using a spell slot of 3rd level or higher, the damage increases by 1d6 for each slot level above 2nd.\n",
    "window_open": false
  },
  {
    "name": "Gentle Repose",
    "level": 2,
    "ritual": true,
    "school": "Necromancy",
    "casting_time": "1 action",
    "target": "A creature of your choice that you can see within range",
    "range": "Touch",
    "components": "V, S, M",
    "duration": "10 days",
    "classes": [
      "Cleric",
      "Wizard"
    ],
    "description": "You touch a corpse or other remains. For the duration, the target is protected from decay and can't become undead.\nThe spell also effectively extends the time limit on raising the target from the dead, since days spent under the influence of this spell don't count against the time limit of spells such as raise dead.\n",
    "higher_levels": "",
    "window_open": false
  },
  {
    "name": "Gust of Wind",
    "level": 2,
    "ritual": false,
    "school": "Evocation",
    "casting_time": "1 action",
    "target": "A creature of your choice that you can see within range",
    "range": "Self",
    "components": "V, S, M",
    "duration": "(Concentration) Up to 1 minute ",
    "classes": [
      "Cleric",
      "Druid",
      "Sorcerer",
      "Wizard"
    ],
    "description": "A line of strong wind 60 feet long and 10 feet wide blasts from you in a direction you choose for the spell's duration. Each creature that starts its turn in the line must succeed on a strength saving throw or be pushed 15 feet away from you in a direction following the line.\nAny creature in the line must spend 2 feet of movement for every 1 foot it moves when moving closer to you.\nThe gust disperses gas or vapor, and it extinguishes candles, torches, and similar unprotected flames in the area. It causes protected flames, such as those of lanterns, to dance wildly and has a 50 percent chance to extinguish them.\nAs a bonus action on each of your turns before the spell ends, you can change the direction in which the line blasts from you.\n",
    "higher_levels": "",
    "window_open": false
  },
  {
    "name": "Heat Metal",
    "level": 2,
    "ritual": false,
    "school": "Transmutation",
    "casting_time": "1 action",
    "target": "A creature of your choice that you can see within range",
    "range": "60 feet",
    "components": "V, S, M",
    "duration": "(Concentration) Up to 1 minute ",
    "classes": [
      "Bard",
      "Druid"
    ],
    "description": "Choose a manufactured metal object, such as a metal weapon or a suit of heavy or medium metal armor, that you can see within range. You cause the object to glow red-hot. Any creature in physical contact with the object takes 2d8 fire damage when you cast the spell. Until the spell ends, you can use a bonus action on each of your subsequent turns to cause this damage again.\nIf a creature is holding or wearing the object and takes the damage from it, the creature must succeed on a constitution saving throw or drop the object if it can. If it doesn't drop the object, it has disadvantage on attack rolls and ability checks until the start of your next turn.\n",
    "higher_levels": "When you cast this spell using a spell slot of 3rd level or higher, the damage increases by 1d8 for each slot level above 2nd.\n",
    "window_open": false
  },
  {
    "name": "Hold Person",
    "level": 2,
    "ritual": false,
    "school": "Enchantment",
    "casting_time": "1 action",
    "target": "A creature of your choice that you can see within range",
    "range": "60 feet",
    "components": "V, S, M",
    "duration": "(Concentration) Up to 1 minute ",
    "classes": [
      "Bard",
      "Cleric",
      "Druid",
      "Paladin",
      "Sorcerer",
      "Warlock",
      "Wizard"
    ],
    "description": "Choose a humanoid that you can see within range. The target must succeed on a wisdom saving throw or be paralyzed for the duration. At the end of each of its turns, the target can make another wisdom saving throw. On a success, the spell ends on the target.\n",
    "higher_levels": "When you cast this spell using a spell slot of 3rd level or higher, you can target one additional humanoid for each slot level above 2nd. The humanoids must be within 30 feet of each other when you target them.\n",
    "window_open": false
  },
  {
    "name": "Invisibility",
    "level": 2,
    "ritual": false,
    "school": "Illusion",
    "casting_time": "1 action",
    "target": "A creature of your choice that you can see within range",
    "range": "Touch",
    "components": "V, S, M",
    "duration": "(Concentration) Up to 1 hour ",
    "classes": [
      "Bard",
      "Druid",
      "Sorcerer",
      "Warlock",
      "Wizard"
    ],
    "description": "A creature you touch becomes invisible until the spell ends. Anything the target is wearing or carrying is invisible as long as it is on the target's person. The spell ends for a target that attacks or casts a spell.\n",
    "higher_levels": "When you cast this spell using a spell slot of 3rd level or higher, you can target one additional creature for each slot level above 2nd.\n",
    "window_open": false
  },
  {
    "name": "Knock",
    "level": 2,
    "ritual": false,
    "school": "Transmutation",
    "casting_time": "1 action",
    "target": "A creature of your choice that you can see within range",
    "range": "60 feet",
    "components": "V",
    "duration": "Instantaneous",
    "classes": [
      "Bard",
      "Sorcerer",
      "Wizard"
    ],
    "description": "Choose an object that you can see within range. The object can be a door, a box, a chest, a set of manacles, a padlock, or another object that contains a mundane or magical means that prevents access.\nA target that is held shut by a mundane lock or that is stuck or barred becomes unlocked, unstuck, or unbarred. If the object has multiple locks, only one of them is unlocked.\nIf you choose a target that is held shut with arcane lock, that spell is suppressed for 10 minutes, during which time the target can be opened and shut normally.\nWhen you cast the spell, a loud knock, audible from as far away as 300 feet, emanates from the target object.\n",
    "higher_levels": "",
    "window_open": false
  },
  {
    "name": "Lesser Restoration",
    "level": 2,
    "ritual": false,
    "school": "Abjuration",
    "casting_time": "1 action",
    "target": "A creature of your choice that you can see within range",
    "range": "Touch",
    "components": "V, S",
    "duration": "Instantaneous",
    "classes": [
      "Bard",
      "Cleric",
      "Druid",
      "Paladin",
      "Ranger"
    ],
    "description": "You touch a creature and can end either one disease or one condition afflicting it. The condition can be blinded, deafened, paralyzed, or poisoned.\n",
    "higher_levels": "",
    "window_open": false
  },
  {
    "name": "Levitate",
    "level": 2,
    "ritual": false,
    "school": "Transmutation",
    "casting_time": "1 action",
    "target": "A creature of your choice that you can see within range",
    "range": "60 feet",
    "components": "V, S, M",
    "duration": "(Concentration) Up to 10 minutes ",
    "classes": [
      "Sorcerer",
      "Wizard"
    ],
    "description": "One creature or object of your choice that you can see within range rises vertically, up to 20 feet, and remains suspended there for the duration. The spell can levitate a target that weighs up to 500 pounds. An unwilling creature that succeeds on a constitution saving throw is unaffected.\nThe target can move only by pushing or pulling against a fixed object or surface within reach (such as a wall or a ceiling), which allows it to move as if it were climbing. You can change the target's altitude by up to 20 feet in either direction on your turn. If you are the target, you can move up or down as part of your move. Otherwise, you can use your action to move the target, which must remain within the spell's range.\nWhen the spell ends, the target floats gently to the ground if it is still aloft.\n",
    "higher_levels": "",
    "window_open": false
  },
  {
    "name": "Locate Animals or Plants",
    "level": 2,
    "ritual": true,
    "school": "Divination",
    "casting_time": "1 action",
    "target": "A creature of your choice that you can see within range",
    "range": "Self",
    "components": "V, S, M",
    "duration": "Instantaneous",
    "classes": [
      "Bard",
      "Druid",
      "Ranger"
    ],
    "description": "Describe or name a specific kind of beast or plant. Concentrating on the voice of nature in your surroundings, you learn the direction and distance to the closest creature or plant of that kind within 5 miles, if any are present.\n",
    "higher_levels": "",
    "window_open": false
  },
  {
    "name": "Locate Object",
    "level": 2,
    "ritual": false,
    "school": "Divination",
    "casting_time": "1 action",
    "target": "A creature of your choice that you can see within range",
    "range": "Self",
    "components": "V, S, M",
    "duration": "(Concentration) Up to 10 minutes ",
    "classes": [
      "Bard",
      "Cleric",
      "Druid",
      "Paladin",
      "Ranger",
      "Wizard"
    ],
    "description": "Describe or name an object that is familiar to you. You sense the direction to the object's location, as long as that object is within 1,000 feet of you. If the object is in motion, you know the direction of its movement.\nThe spell can locate a specific object known to you, as long as you have seen it up close\u00e2\u20ac\u201dwithin 30 feet\u00e2\u20ac\u201dat least once. Alternatively, the spell can locate the nearest object of a particular kind, such as a certain kind of apparel, jewelry, furniture, tool, or weapon.\nThis spell can't locate an object if any thickness of lead, even a thin sheet, blocks a direct path between you and the object.\n",
    "higher_levels": "",
    "window_open": false
  },
  {
    "name": "Magic Mouth",
    "level": 2,
    "ritual": true,
    "school": "Illusion",
    "casting_time": "1 minute",
    "target": "A creature of your choice that you can see within range",
    "range": "30 feet",
    "components": "V, S, M",
    "duration": "Until dispelled",
    "classes": [
      "Bard",
      "Wizard"
    ],
    "description": "You plant a message to an object in the range of the spell. The message is verbalized when the trigger conditions are met. Choose an object that you see, and that is not worn or carried by another creature. Then say the message, which should not exceed 25 words but listening can take up to 10 minutes. Finally, establish the circumstances that trigger the spell to deliver your message.\nWhen these conditions are satisfied, a magical mouth appears on the object and it articulates the message imitating your voice, the same tone used during implantation of the message. If the selected object has a mouth or something that approaches such as the mouth of a statue, the magic mouth come alive at this point, giving the illusion that the words come from the mouth of the object.\nWhen you cast this spell, you may decide that the spell ends when the message is delivered or it can persist and repeat the message whenever circumstances occur.\nThe triggering circumstance can be as general or as detailed as you like, though it must be based on visual or audible conditions that occur within 30 feet of the object. For example, you could instruct the mouth to speak when any creature moves within 30 feet of the object or when a silver bell rings within 30 feet of it.\n",
    "higher_levels": "",
    "window_open": false
  },
  {
    "name": "Magic Weapon",
    "level": 2,
    "ritual": false,
    "school": "Transmutation",
    "casting_time": "1 bonus action",
    "target": "A creature of your choice that you can see within range",
    "range": "Touch",
    "components": "V, S",
    "duration": "(Concentration) Up to 1 hour ",
    "classes": [
      "Cleric",
      "Paladin",
      "Wizard"
    ],
    "description": "You touch a nonmagical weapon. Until the spell ends, that weapon becomes a magic weapon with a +1 bonus to attack rolls and damage rolls.\n",
    "higher_levels": "When you cast this spell using a spell slot of 4th level or higher, the bonus increases to +2. When you use a spell slot of 6th level or higher, the bonus increases to +3.\n",
    "window_open": false
  },
  {
    "name": "Maximilian's Earthen Grasp",
    "level": 2,
    "ritual": false,
    "school": "Transmutation",
    "casting_time": "1 action",
    "target": "A creature of your choice that you can see within range",
    "range": "30 feet",
    "components": "V, S, M",
    "duration": "(Concentration) Up to 1 minute ",
    "classes": [
      "Sorcerer",
      "Wizard"
    ],
    "description": "You choose a 5-foot-square unoccupied space on the ground that you can see within range. A Medium hand made from compacted soil rises there and reaches for one creature you can see within 5 feet of it. The target must make a Strength saving throw. On a failed save, the target takes 2d6 bludgeoning damage and is restrained for the spell's duration.\nAs an action, you can cause the hand to crush the restrained target, who must make a Strength saving throw. It takes 2d6 bludgeoning damage on a failed save, or half as much damage on a successful one. To break out, the restrained target can make a Strength check against your spell save DC. On a success, the target escapes and is no longer restrained by the hand.\nAs an action, you can cause the hand to reach for a different creature or to move to a different unoccupied space within range. The hand releases a restrained target if you do either.\n",
    "higher_levels": "",
    "window_open": false
  },
  {
    "name": "Melf's Acid Arrow",
    "level": 2,
    "ritual": false,
    "school": "Evocation",
    "casting_time": "1 action",
    "target": "A creature of your choice that you can see within range",
    "range": "90 feet",
    "components": "V, S, M",
    "duration": "Instantaneous",
    "classes": [
      "Druid",
      "Wizard"
    ],
    "description": "A shimmering green arrow streaks toward a target within range and bursts in a spray of acid. Make a ranged spell attack against the target. On a hit, the target takes 4d4 acid damage immediately and 2d4 acid damage at the end of its next turn. On a miss, the arrow splashes the target with acid for half as much of the initial damage and no damage at the end of its next turn.\n",
    "higher_levels": "When you cast this spell using a spell slot of 3rd level or higher, the damage (both initial and later) increases by 1d4 for each slot level above 2nd.\n",
    "window_open": false
  },
  {
    "name": "Mirror Image",
    "level": 2,
    "ritual": false,
    "school": "Illusion",
    "casting_time": "1 action",
    "target": "A creature of your choice that you can see within range",
    "range": "Self",
    "components": "V, S",
    "duration": "1 minute",
    "classes": [
      "Cleric",
      "Druid",
      "Sorcerer",
      "Warlock",
      "Wizard"
    ],
    "description": "Three illusionary duplicates of yourself appear in your space. Until the end of the spell, duplicates move with you and imitate your actions, swapping their position so that it is impossible to determine which image is real. You can use your action to dispel the illusory duplicates.\nWhenever a creature is targeting you with an attack during the duration of the spell, roll 1d20 to determine if the attack does not target rather one of your duplicates.\nIf you have three duplicates, you need 6 or more on your throw to lead the target of the attack to a duplicate. With two duplicates, you need 8 or more. With one duplicate, you need 11 or more.\nThe CA of a duplicate is 10 + your Dexterity modifier. If an attack hits a duplicate, it is destroyed. A duplicate may be destroyed not just an attack on key. It ignores other damage and effects. The spell ends if the three duplicates are destroyed.\nA creature is unaffected by this fate if she can not see if it relies on a different meaning as vision, such as blind vision, or if it can perceive illusions as false, as with clear vision.\n",
    "higher_levels": "",
    "window_open": false
  },
  {
    "name": "Misty Step",
    "level": 2,
    "ritual": false,
    "school": "Conjuration",
    "casting_time": "1 bonus action",
    "target": "A creature of your choice that you can see within range",
    "range": "Self",
    "components": "V",
    "duration": "Instantaneous",
    "classes": [
      "Druid",
      "Paladin",
      "Sorcerer",
      "Warlock",
      "Wizard"
    ],
    "description": "Briefly surrounded by silvery mist, you teleport up to 30 feet to an unoccupied space that you can see.\n",
    "higher_levels": "",
    "window_open": false
  },
  {
    "name": "Moonbeam",
    "level": 2,
    "ritual": false,
    "school": "Evocation",
    "casting_time": "1 action",
    "target": "A creature of your choice that you can see within range",
    "range": "120 feet",
    "components": "V, S, M",
    "duration": "(Concentration) Up to 1 minute ",
    "classes": [
      "Druid",
      "Paladin"
    ],
    "description": "A silvery beam of pale light shines down in a 5-footradius, 40-foot-high cylinder centered on a point within range. Until the spell ends, dim light fills the cylinder.\nWhen a creature enters the spell's area for the first time on a turn or starts its turn there, it is engulfed in ghostly flames that cause searing pain, and it must make a constitution saving throw. It takes 2d10 radiant damage on a failed save, or half as much damage on a successful one.\nA shapechanger makes its saving throw with disadvantage. If it fails, it also instantly reverts to its original form and can't assume a different form until it leaves the spell's light.\nOn each of your turns after you cast this spell, you can use an action to move the beam 60 feet in any direction.\n",
    "higher_levels": "When you cast this spell using a spell slot of 3rd level or higher, the damage increases by 1dlO for each slot level above 2nd.\n",
    "window_open": false
  },
  {
    "name": "Nystul's Magic Aura",
    "level": 2,
    "ritual": false,
    "school": "Illusion",
    "casting_time": "1 action",
    "target": "A creature of your choice that you can see within range",
    "range": "Touch",
    "components": "V, S, M",
    "duration": "24 hours",
    "classes": [
      "Wizard"
    ],
    "description": "You place an illusion on a creature or an object you touch so that divination spells reveal false information about it. The target can be a willing creature or an object that isn't being carried or worn by another creature.\nWhen you cast the spell, choose one or both of the following effects. The effect lasts for the duration. If you cast this spell on the same creature or object every day for 30 days, placing the same effect on it each time, the illusion lasts until it is dispelled.\n<b>False Aura.</b> You change the way the target appears to spells and magical effects, such as detect magic, that detect magical auras. You can make a nonmagical object appear magical, a magical object appear nonmagical, or change the object's magical aura so that it appears to belong to a specific school of magic that you choose. When you use this effect on an object, you can make the false magic apparent to any creature that handles the item.\n<b>Mask.</b> You change the way the target appears to spells and magical effects that detect creature types, such as a paladin's Divine Sense or the trigger of a symbol spell. You choose a creature type and other spells and magical effects treat the target as if it were a creature of that type or of that alignment.\n",
    "higher_levels": "",
    "window_open": false
  },
  {
    "name": "Pass without Trace",
    "level": 2,
    "ritual": false,
    "school": "Abjuration",
    "casting_time": "1 action",
    "target": "A creature of your choice that you can see within range",
    "range": "Self",
    "components": "V, S, M",
    "duration": "(Concentration) Up to 1 hour ",
    "classes": [
      "Cleric",
      "Druid",
      "Ranger"
    ],
    "description": "A veil of shadows and silence radiates from you, masking you and your companions from detection. For the duration, each creature you choose within 30 feet of you (including you) has a +10 bonus to Dexterity (Stealth) checks and can't be tracked except by magical means. A creature that receives this bonus leaves behind no tracks or other traces of its passage.\n",
    "higher_levels": "",
    "window_open": false
  },
  {
    "name": "Phantasmal Force",
    "level": 2,
    "ritual": false,
    "school": "Illusion",
    "casting_time": "1 action",
    "target": "A creature of your choice that you can see within range",
    "range": "60 feet",
    "components": "V, S, M",
    "duration": "(Concentration) Up to 1 minute ",
    "classes": [
      "Bard",
      "Sorcerer",
      "Warlock",
      "Wizard"
    ],
    "description": "You craft an illusion that takes root in the mind of a creature that you can see within range. The target must make an intelligence saving throw. On a failed save, you create a phantasmal object, creature, or other visible phenomenon of your choice that is no larger than a 10-foot cube and that is perceivable only to the target for the duration. This spell has no effect on undead or constructs.\nThe phantasm includes sound, temperature, and other stimuli, also evident only to the creature.\nThe target can use its action to examine the phantasm with an Intelligence (Investigation) check against your spell save DC. If the check succeeds, the target realizes that the phantasm is an illusion, and the spell ends.\nWhile a target is affected by the spell, the target treats the phantasm as if it were real. The target rationalizes any illogical outcomes from interacting with the phantasm. For example, a target attempting to walk across a phantasmal bridge that spans a chasm falls once it steps onto the bridge. If the target survives the fall, it still believes that the bridge exists and comes up with some other explanation for its fall\u00e2\u20ac\u201dit was pushed, it slipped, or a strong wind might have knocked it off.\nAn affected target is so convinced of the phantasm's reality that it can even take damage from the illusion. A phantasm created to appear as a creature can attack the target. Similarly, a phantasm created to appear as fire, a pool of acid, or lava can burn the target. Each round on your turn, the phantasm can deal 1d6 psychic damage to the target if it is in the phantasm's area or within 5 feet of the phantasm, provided that the illusion is of a creature or hazard that could logically deal damage, such as by attacking. The target perceives the damage as a type appropriate to the illusion.\n",
    "higher_levels": "",
    "window_open": false
  },
  {
    "name": "Prayer of Healing",
    "level": 2,
    "ritual": false,
    "school": "Evocation",
    "casting_time": "10 minutes",
    "target": "A creature of your choice that you can see within range",
    "range": "30 feet",
    "components": "V",
    "duration": "Instantaneous",
    "classes": [
      "Cleric"
    ],
    "description": "Up to six creatures of your choice that you can see within range each regain hit points equal to 2d8 + your spellcasting ability modifier. This spell has no effect on undead or constructs.\n",
    "higher_levels": "When you cast this spell using a spell slot of 3rd level or higher, the healing increases by 1d8 for each slot level above 2nd.\n",
    "window_open": false
  },
  {
    "name": "Protection from Poison",
    "level": 2,
    "ritual": false,
    "school": "Abjuration",
    "casting_time": "1 action",
    "target": "A creature of your choice that you can see within range",
    "range": "Touch",
    "components": "V, S",
    "duration": "1 hour",
    "classes": [
      "Cleric",
      "Druid",
      "Paladin",
      "Ranger"
    ],
    "description": "You touch a creature. If it is poisoned, you neutralize the poison. If more than one poison afflicts the target, you neutralize one poison that you know is present, or you neutralize one at random.\nFor the duration, the target has advantage on saving throws against being poisoned, and it has resistance to poison damage.\n",
    "higher_levels": "",
    "window_open": false
  },
  {
    "name": "Pyrotechnics",
    "level": 2,
    "ritual": false,
    "school": "Transmutation",
    "casting_time": "1 action",
    "target": "A creature of your choice that you can see within range",
    "range": "60 feet",
    "components": "V, S",
    "duration": "Instantaneous",
    "classes": [
      "Bard",
      "Sorcerer",
      "Wizard"
    ],
    "description": "Choose an area of flame that you can see and that can fit within a 5-foot cube within range. You can extinguish the fire in that area, and you create either fireworks or smoke.\nFireworks. The target explodes with a dazzling display of colors. Each creature within 10 feet of the target must succeed on a Constitution saving throw or become blinded until the end of your next turn.\nSmoke. Thick black smoke spreads out from the target in a 20-foot radius, moving around corners. The area of the smoke is heavily obscured. The smoke persists for 1 minute or until a strong wind disperses it.\n",
    "higher_levels": "",
    "window_open": false
  },
  {
    "name": "Ray of Enfeeblement",
    "level": 2,
    "ritual": false,
    "school": "Necromancy",
    "casting_time": "1 action",
    "target": "A creature of your choice that you can see within range",
    "range": "60 feet",
    "components": "V, S",
    "duration": "(Concentration) Up to 1 minute ",
    "classes": [
      "Warlock",
      "Wizard"
    ],
    "description": "A black beam of enervating energy springs from your finger toward a creature within range. Make a ranged spell attack against the target. On a hit, the target deals only half damage with weapon attacks that use Strength until the spell ends.\nAt the end of each of the target's turns, it can make a constitution saving throw against the spell. On a success, the spell ends.\n",
    "higher_levels": "",
    "window_open": false
  },
  {
    "name": "Rope Trick",
    "level": 2,
    "ritual": false,
    "school": "Transmutation",
    "casting_time": "1 action",
    "target": "A creature of your choice that you can see within range",
    "range": "Touch",
    "components": "V, S, M",
    "duration": "1 hour",
    "classes": [
      "Wizard"
    ],
    "description": "You touch a length of rope that is up to 60 feet long. One end of the rope then rises into the air until the whole rope hangs perpendicular to the ground. At the upper end of the rope, an invisible entrance opens to an extradimensional space that lasts until the spell ends.\nThe extradimensional space can be reached by climbing to the top of the rope. The space can hold as many as eight Medium or smaller creatures. The rope can be pulled into the space, making the rope disappear from view outside the space.\nAttacks and spells can't cross through the entrance into or out of the extradimensional space, but those inside can see out of it as if through a 3-foot-by-5-foot window centered on the rope.\nAnything inside the extradimensional space drops out when the spell ends.\n",
    "higher_levels": "",
    "window_open": false
  },
  {
    "name": "Scorching Ray",
    "level": 2,
    "ritual": false,
    "school": "Evocation",
    "casting_time": "1 action",
    "target": "A creature of your choice that you can see within range",
    "range": "120 feet",
    "components": "V, S",
    "duration": "Instantaneous",
    "classes": [
      "Cleric",
      "Sorcerer",
      "Warlock",
      "Wizard"
    ],
    "description": "You generate three rays of fire and will throw to targets in the range of the spell. You can project them on one or more targets.\nPerform a remote attack spell for each department. If it hits, the target takes 2d6 fire damage.\n",
    "higher_levels": "When you cast this spell using a 3 or higher level spell slot, you generate an additional radius for each level of higher spell slot 2.\n",
    "window_open": false
  },
  {
    "name": "See Invisibility",
    "level": 2,
    "ritual": false,
    "school": "Divination",
    "casting_time": "1 action",
    "target": "A creature of your choice that you can see within range",
    "range": "Self",
    "components": "V, S, M",
    "duration": "1 hour",
    "classes": [
      "Bard",
      "Sorcerer",
      "Wizard"
    ],
    "description": "For the duration of the spell, you see invisible creatures and objects as if they were visible, and you can see through Ethereal. The ethereal objects and creatures appear ghostly translucent.\n",
    "higher_levels": "",
    "window_open": false
  },
  {
    "name": "Shatter",
    "level": 2,
    "ritual": false,
    "school": "Evocation",
    "casting_time": "1 action",
    "target": "A creature of your choice that you can see within range",
    "range": "60 feet",
    "components": "V, S, M",
    "duration": "Instantaneous",
    "classes": [
      "Bard",
      "Cleric",
      "Sorcerer",
      "Warlock",
      "Wizard"
    ],
    "description": "A strong resonant sound painfully intense sounds of a desired point in the range of the spell. Each creature has a sphere with a 10-foot-radius sphere centered on that point must make a constitution saving throw or it suffers 3d8 thunder damage. If successful, the damage is halved. A creature made of inorganic materials such as stone, crystal or metal, makes its saving throw with a disadvantage.\nA non-magical item that is not worn or carried also suffers damage if it is in the area of \u00e2\u20ac\u2039\u00e2\u20ac\u2039the spell.\n",
    "higher_levels": "When you cast this spell using a 3 or higher level spell slot, the damage of the spell increases by 1d8 for each level of higher spell slot 2.\n",
    "window_open": false
  },
  {
    "name": "Silence",
    "level": 2,
    "ritual": true,
    "school": "Illusion",
    "casting_time": "1 action",
    "target": "A creature of your choice that you can see within range",
    "range": "120 feet",
    "components": "V, S",
    "duration": "(Concentration) Up to 10 minutes ",
    "classes": [
      "Bard",
      "Cleric",
      "Druid",
      "Ranger"
    ],
    "description": "For the duration, no sound can be created within or pass through a 20-foot-radius sphere centered on a point you choose within range. Any creature or object entirely inside the sphere is immune to thunder damage, and creatures are deafened while entirely inside it.\nCasting a spell that includes a verbal component is impossible there.\n",
    "higher_levels": "",
    "window_open": false
  },
  {
    "name": "Skywrite",
    "level": 2,
    "ritual": true,
    "school": "Transmutation",
    "casting_time": "1 action",
    "target": "A creature of your choice that you can see within range",
    "range": "Sight",
    "components": "V, S",
    "duration": "(Concentration) Up to 1 hour ",
    "classes": [
      "Bard",
      "Druid",
      "Wizard"
    ],
    "description": "You cause up to ten words to form in a part of the sky you can see. The words appear to be made of cloud and remain in place for the spell's duration. The words dissipate when the spell ends. A strong wind can disperse the clouds and end the spell early.\n",
    "higher_levels": "",
    "window_open": false
  },
  {
    "name": "Snilloc's Snowball Swarm",
    "level": 2,
    "ritual": false,
    "school": "Evocation",
    "casting_time": "1 action",
    "target": "A creature of your choice that you can see within range",
    "range": "90 feet",
    "components": "V, S, M",
    "duration": "(Concentration) Up to 1 hour ",
    "classes": [
      "Sorcerer",
      "Wizard"
    ],
    "description": "A flurry of magic snowballs erupts from a point you choose within range. Each creature in a 5-foot-radius sphere centered on that point must make a Dexterity saving throw. A creature takes 3d6 cold damage on a failed save, or half as much damage on a successful one.\n",
    "higher_levels": "When you cast this spell using a spell slot of 3rd level or higher, the damage increases by 1d6 for each slot level above 2nd.\n",
    "window_open": false
  },
  {
    "name": "Spider Climb",
    "level": 2,
    "ritual": false,
    "school": "Transmutation",
    "casting_time": "1 action",
    "target": "A creature of your choice that you can see within range",
    "range": "Touch",
    "components": "V, S, M",
    "duration": "(Concentration) Up to 1 hour ",
    "classes": [
      "Druid",
      "Sorcerer",
      "Warlock",
      "Wizard"
    ],
    "description": "Until the spell ends, one willing creature you touch gains the ability to move up, down, and across vertical surfaces and upside down along ceilings, while leaving its hands free. The target also gains a climbing speed equal to its walking speed.\n",
    "higher_levels": "",
    "window_open": false
  },
  {
    "name": "Spike Growth",
    "level": 2,
    "ritual": false,
    "school": "Transmutation",
    "casting_time": "1 action",
    "target": "A creature of your choice that you can see within range",
    "range": "150 feet",
    "components": "V, S, M",
    "duration": "(Concentration) Up to 10 minutes ",
    "classes": [
      "Cleric",
      "Druid",
      "Ranger"
    ],
    "description": "The ground in a 20-foot radius centered on a point within range twists and sprouts hard spikes and thorns. The area becomes difficult terrain for the duration. When a creature moves into or within the area, it takes 2d4 piercing damage for every 5 feet it travels.\nThe development of land is camouflaged to look natural. Any creature that does not see the area when the spell is spell casts must make a Wisdom (Perception) opposite the DD backup your fate or it does not recognize the dangerous nature of the ground before entering.\n",
    "higher_levels": "",
    "window_open": false
  },
  {
    "name": "Spiritual Weapon",
    "level": 2,
    "ritual": false,
    "school": "Evocation",
    "casting_time": "1 bonus action",
    "target": "A creature of your choice that you can see within range",
    "range": "60 feet",
    "components": "V, S",
    "duration": "1 minute",
    "classes": [
      "Cleric"
    ],
    "description": "You create a floating, spectral weapon within range that lasts for the duration or until you cast this spell again. When you cast the spell, you can make a melee spell attack against a creature within 5 feet of the weapon. On a hit, the target takes force damage equal to 1d8 + your spellcasting ability modifier.\nAs a bonus action on your turn, you can move the weapon up to 20 feet and repeat the attack against a creature within 5 feet of it.\nThe weapon can take whatever form you choose. Clerics of deities who are associated with a particular weapon (as St. Cuthbert is known for his mace and Thor for his hammer) make this spell's effect resemble that weapon.\n",
    "higher_levels": "When you cast this spell using a spell slot of 3rd level or higher, the damage increases by 1d8 for every two slot levels above the 2nd.\n",
    "window_open": false
  },
  {
    "name": "Suggestion",
    "level": 2,
    "ritual": false,
    "school": "Enchantment",
    "casting_time": "1 action",
    "target": "A creature of your choice that you can see within range",
    "range": "30 feet",
    "components": "V, M",
    "duration": "(Concentration) Up to 8 hours ",
    "classes": [
      "Bard",
      "Cleric",
      "Sorcerer",
      "Warlock",
      "Wizard"
    ],
    "description": "You suggest a course of activity (limited to a sentence or two) and magically influence a creature you can see within range that can hear and understand you. Creatures that can't be charmed are immune to this effect. The suggestion must be worded in such a manner as to make the course of action sound reasonable. Asking the creature to stab itself, throw itself onto a spear, immolate itself, or do some other obviously harmful act ends the spell.\nThe target must make a wisdom saving throw. On a failed save, it pursues the course of action you described to the best of its ability. The suggested course of action can continue for the entire duration. If the suggested activity can be completed in a shorter time, the spell ends when the subject finishes what it was asked to do.\nYou can also specify conditions that will trigger a special activity during the duration. For example, you might suggest that a knight give her warhorse to the first beggar she meets. If the condition isn't met before the spell expires, the activity isn't performed.\nIf you or any of your companions damage the target, the spell ends.\n",
    "higher_levels": "",
    "window_open": false
  },
  {
    "name": "Warding Bond",
    "level": 2,
    "ritual": false,
    "school": "Abjuration",
    "casting_time": "1 action",
    "target": "A creature of your choice that you can see within range",
    "range": "Touch",
    "components": "V, S, M",
    "duration": "1 hour",
    "classes": [
      "Cleric"
    ],
    "description": "This spell wards a willing creature you touch and creates a mystic connection between you and the target until the spell ends. While the target is within 60 feet of you, it gains a +1 bonus to AC and saving throws, and it has resistance to all damage. Also, each time it takes damage, you take the same amount of damage.\nThe spell ends if you drop to 0 hit points or if you and the target become separated by more than 60 feet.\nIt also ends if the spell is cast again on either of the connected creatures. You can also dismiss the spell as an action.\n",
    "higher_levels": "",
    "window_open": false
  },
  {
    "name": "Warding Wind",
    "level": 2,
    "ritual": false,
    "school": "Evocation",
    "casting_time": "1 action",
    "target": "A creature of your choice that you can see within range",
    "range": "Self",
    "components": "V",
    "duration": "(Concentration) Up to 10 minutes ",
    "classes": [
      "Bard",
      "Druid",
      "Sorcerer"
    ],
    "description": "A strong wind (20 miles per hour) blows around you in a 10-foot radius and moves with you, remaining centered on you. The wind lasts for the spell's duration. The wind has the following effects:\n- It deafens you and other creatures in its area.\n- It extinguishes unprotected flames in its area that are torch-sized or smaller.\n- The area is difficult terrain for creatures other than you.\n- The attack rolls of ranged weapon attacks have disadvantage if they pass in or out of the wind.\n- It hedges out vapor, gas, and fog that can be dispersed by strong wind.\n",
    "higher_levels": "",
    "window_open": false
  },
  {
    "name": "Web",
    "level": 2,
    "ritual": false,
    "school": "Conjuration",
    "casting_time": "1 action",
    "target": "A creature of your choice that you can see within range",
    "range": "60 feet",
    "components": "V, S, M",
    "duration": "(Concentration) Up to 1 hour ",
    "classes": [
      "Druid",
      "Sorcerer",
      "Wizard"
    ],
    "description": "You conjure a mass of thick, sticky webbing at a point of your choice within range. The webs fill a 20-foot cube from that point for the duration. The webs are difficult terrain and lightly obscure their area.\nIf the webs aren't anchored between two solid masses (such as walls or trees) or layered across a floor, wall, or ceiling, the conjured web collapses on itself, and the spell ends at the start of your next turn. Webs layered over a flat surface have a depth of 5 feet.\nEach creature that starts its turn in the webs or that enters them during its turn must make a dexterity saving throw. On a failed save, the creature is restrained as long as it remains in the webs or until it breaks free.\nA creature restrained by the webs can use its action to make a Strength check against your spell save DC. If it succeeds, it is no longer restrained.\nThe webs are flammable. Any 5-foot cube of webs exposed to fire burns away in 1 round, dealing 2d4 fire damage to any creature that starts its turn in the fire.\n",
    "higher_levels": "",
    "window_open": false
  },
  {
    "name": "Zone of Truth",
    "level": 2,
    "ritual": false,
    "school": "Enchantment",
    "casting_time": "1 action",
    "target": "A creature of your choice that you can see within range",
    "range": "60 feet",
    "components": "V, S",
    "duration": "10 minutes",
    "classes": [
      "Bard",
      "Cleric",
      "Paladin"
    ],
    "description": "You create a magical zone that guards against deception in a 15-foot-radius sphere centered on a point of your choice within range. Until the spell ends, a creature that enters the spell's area for the first time on a turn or starts its turn there must make a Charisma saving throw. On a failed save, a creature can't speak a deliberate lie while in the radius. You know whether each creature succeeds or fails on its saving throw.\nAn affected creature is aware of the fate and can avoid answering questions she would normally have responded with a lie. Such a creature can remain evasive in his answers as they remain within the limits of truth.\n",
    "higher_levels": "",
    "window_open": false
  }
]