[
  {
    "name": "Astral Projection",
    "level": 9,
    "ritual": false,
    "school": "Necromancy",
    "casting_time": "1 hour",
    "target": "A creature of your choice that you can see within range",
    "range": "10 feet",
    "components": "V, S, M",
    "duration": "Special",
    "classes": [
      "Cleric",
      "Warlock",
      "Wizard"
    ],
    "description": "You and up to eight willing creatures within range project your astral bodies into the Astral Plane (the spell fails and the casting is wasted if you are already on that plane). The material body you leave behind is unconscious and in a state of suspended animation; it doesn't need food or air and doesn't age.\nYour astral body resembles your mortal form in almost every way, replicating your game statistics and possessions. The principal difference is the addition of a silvery cord that extends from between your shoulder blades and trails behind you, fading to invisibility after 1 foot. This cord is your tether to your material body. As long as the tether remains intact, you can find your way home. If the cord is cut\u00e2\u20ac\u201dsomething that can happen only when an effect specifically states that it does\u00e2\u20ac\u201dyour soul and body are separated, killing you instantly.\nYour astral form can freely travel through the Astral Plane and can pass through portals there leading to any other plane. If you enter a new plane or return to the plane you were on when casting this spell, your body and possessions are transported along the silver cord, allowing you to re-enter your body as you enter the new plane. Your astral form is a separate incarnation. Any damage or other effects that apply to it have no effect on your physical body, nor do they persist when you return to it.\nThe spell ends for you and your companions when you use your action to dismiss it. When the spell ends, the affected creature returns to its physical body, and it awakens.\nThe spell might also end early for you or one of your companions. A successful dispel magic spell used against an astral or physical body ends the spell for that creature. If a creature's original body or its astral form drops to 0 hit points, the spell ends for that creature. If the spell ends and the silver cord is intact, the cord pulls the creature's astral form back to its body, ending its state of suspended animation.\nIf you are returned to your body prematurely, your companions remain in their astral forms and must find their own way back to their bodies, usually by dropping to 0 hit points.\n",
    "higher_levels": "",
    "window_open": false
  },
  {
    "name": "Foresight",
    "level": 9,
    "ritual": false,
    "school": "Divination",
    "casting_time": "1 minute",
    "target": "A creature of your choice that you can see within range",
    "range": "Touch",
    "components": "V, S, M",
    "duration": "8 hours",
    "classes": [
      "Bard",
      "Druid",
      "Warlock",
      "Wizard"
    ],
    "description": "You touch a willing creature and bestow a limited ability to see into the immediate future. For the duration, the target can't be surprised and has advantage on attack rolls, ability checks, and saving throws. Additionally, other creatures have disadvantage on attack rolls against the target for the duration.\nThis spell immediately ends if you cast it again before its duration ends.\n",
    "higher_levels": "",
    "window_open": false
  },
  {
    "name": "Gate",
    "level": 9,
    "ritual": false,
    "school": "Conjuration",
    "casting_time": "1 action",
    "target": "A creature of your choice that you can see within range",
    "range": "60 feet",
    "components": "V, S, M",
    "duration": "(Concentration) Up to 1 minute ",
    "classes": [
      "Cleric",
      "Sorcerer",
      "Wizard"
    ],
    "description": "You conjure a portal linking an unoccupied space you can see within range to a precise location on a different plane of existence. The portal is a circular opening, which you can make 5 to 20 feet in diameter. You can orient the portal in any direction you choose. The portal lasts for the duration.\nThe portal has a front and a back on each plane where it appears. Travel through the portal is possible only by moving through its front. Anything that does so is instantly transported to the other plane, appearing in the unoccupied space nearest to the portal.\nDeities and other planar rulers can prevent portals created by this spell from opening in their presence or anywhere within their domains.\nWhen you cast this spell, you can speak the name of a specific creature (a pseudonym, title, or nickname doesn't work). If that creature is on a plane other than the one you are on, the portal opens in the named creature's immediate vicinity and draws the creature through it to the nearest unoccupied space on your side of the portal. You gain no special power over the creature, and it is free to act as the DM deems appropriate. It might leave, attack you, or help you.\n",
    "higher_levels": "",
    "window_open": false
  },
  {
    "name": "Imprisonment",
    "level": 9,
    "ritual": false,
    "school": "Abjuration",
    "casting_time": "1 minute",
    "target": "A creature of your choice that you can see within range",
    "range": "30 feet",
    "components": "V, S, M",
    "duration": "Until dispelled",
    "classes": [
      "Warlock",
      "Wizard"
    ],
    "description": "You create a magical restraint to hold a creature that you can see within range. The target must succeed on a wisdom saving throw or be bound by the spell; if it succeeds, it is immune to this spell if you cast it again. While affected by this spell, the creature doesn't need to breathe, eat, or drink, and it doesn't age. Divination spells can't locate or perceive the target.\nWhen you cast the spell, you choose one of the following forms of imprisonment.\nBurial. The target is entombed far beneath the earth in a sphere of magical force that is just large enough to contain the target. Nothing can pass through the sphere, nor can any creature teleport or use planar travel to get into or out of it.\nThe special component for this version of the spell is a small mithral orb.\nChaining. Heavy chains, firmly rooted in the ground, hold the target in place. The target is restrained until the spell ends, and it can't move or be moved by any means until then.\nThe special component for this version of the spell is a fine chain of precious metal.\nHedged Prison. The spell transports the target into a tiny demiplane that is warded against teleportation and planar travel. The demiplane can be a labyrinth, a cage, a tower, or any similar confined structure or area of your choice.\nThe special component for this version of the spell is a miniature representation of the prison made from jade.\nMinimus Containment. The target shrinks to a height of 1 inch and is imprisoned inside a gemstone or similar object. Light can pass through the gemstone normally (allowing the target to see out and other creatures to see in), but nothing else can pass through, even by means of teleportation or planar travel. The gemstone can't be cut or broken while the spell remains in effect.\nThe special component for this version of the spell is a large, transparent gemstone, such as a corundum, diamond, or ruby.\nSlumber. The target falls asleep and can't be awoken.\nThe special component for this version of the spell consists of rare soporific herbs.\nEnding the Spell. During the casting of the spell, in any of its versions, you can specify a condition that will cause the spell to end and release the target. The condition can be as specific or as elaborate as you choose, but the DM must agree that the condition is reasonable and has a likelihood of coming to pass. The conditions can be based on a creature's name, identity, or deity but otherwise must be based on observable actions or qualities and not based on intangibles such as level, class, or hit points.\nA dispel magic spell can end the spell only if it is cast as a 9th-level spell, targeting either the prison or the special component used to create it.\nYou can use a particular special component to create only one prison at a time. If you cast the spell again using the same component, the target of the first casting is immediately freed from its binding.\n",
    "higher_levels": "",
    "window_open": false
  },
  {
    "name": "Mass Heal",
    "level": 9,
    "ritual": false,
    "school": "Conjuration",
    "casting_time": "1 action",
    "target": "A creature of your choice that you can see within range",
    "range": "60 feet",
    "components": "V, S",
    "duration": "Instantaneous",
    "classes": [
      "Cleric"
    ],
    "description": "A flood of healing energy flows from you into injured creatures around you. You restore up to 700 hit points, divided as you choose among any number of creatures that you can see within range. Creatures healed by this spell are also cured of all diseases and any effect making them blinded or deafened. This spell has no effect on undead or constructs.\n",
    "higher_levels": "",
    "window_open": false
  },
  {
    "name": "Meteor Swarm",
    "level": 9,
    "ritual": false,
    "school": "Evocation",
    "casting_time": "1 action",
    "target": "A creature of your choice that you can see within range",
    "range": "1 mile",
    "components": "V, S",
    "duration": "Instantaneous",
    "classes": [
      "Sorcerer",
      "Wizard"
    ],
    "description": "Blazing orbs of fire plummet to the ground at four different points you can see within range. Each creature in a 40-foot-radius sphere centered on each point you choose must make a dexterity saving throw. The sphere spreads around corners. A creature takes 20d6 fire damage and 20d6 bludgeoning damage on a failed save, or half as much damage on a successful one. A creature in the area of more than one fiery burst is affected only once.\nThe spell damages objects in the area and ignites flammable objects that aren't being worn or carried.\n",
    "higher_levels": "",
    "window_open": false
  },
  {
    "name": "Power Word Heal",
    "level": 9,
    "ritual": false,
    "school": "Evocation",
    "casting_time": "1 action",
    "target": "A creature of your choice that you can see within range",
    "range": "Touch",
    "components": "V, S",
    "duration": "Instantaneous",
    "classes": [
      "Bard"
    ],
    "description": "A wave of healing energy washes over the creature you touch. The target regains all its hit points. If the creature is charmed, frightened, paralyzed, or stunned, the condition ends. If the creature is prone, it can use its reaction to stand up. This spell has no effect on undead or constructs.\n",
    "higher_levels": "",
    "window_open": false
  },
  {
    "name": "Power Word Kill",
    "level": 9,
    "ritual": false,
    "school": "Enchantment",
    "casting_time": "1 action",
    "target": "A creature of your choice that you can see within range",
    "range": "60 feet",
    "components": "V",
    "duration": "Instantaneous",
    "classes": [
      "Bard",
      "Sorcerer",
      "Warlock",
      "Wizard"
    ],
    "description": "You utter a word of power that can compel one creature you can see within range to die instantly. If the creature you choose has 100 hit points or fewer, it dies. Otherwise, the spell has no effect.\n",
    "higher_levels": "",
    "window_open": false
  },
  {
    "name": "Prismatic Wall",
    "level": 9,
    "ritual": false,
    "school": "Abjuration",
    "casting_time": "1 action",
    "target": "A creature of your choice that you can see within range",
    "range": "60 feet",
    "components": "V, S",
    "duration": "10 minutes",
    "classes": [
      "Wizard"
    ],
    "description": "A shimmering, multicolored plane of light forms a vertical opaque wall\u00e2\u20ac\u201dup to 90 feet long, 30 feet high, and 1 inch thick\u00e2\u20ac\u201dcentered on a point you can see within range. Alternatively, you can shape the wall into a sphere up to 30 feet in diameter centered on a point you choose within range. The wall remains in place for the duration. If you position the wall so that it passes through a space occupied by a creature, the spell fails, and your action and the spell slot are wasted.\nThe wall sheds bright light out to a range of 100 feet and dim light for an additional 100 feet. You and creatures you designate at the time you cast the spell can pass through and remain near the wall without harm. If another creature that can see the wall moves to within 20 feet of it or starts its turn there, the creature must succeed on a constitution saving throw or become blinded for 1 minute.\nThe wall consists of seven layers, each with a different color. When a creature attempts to reach into or pass through the wall, it does so one layer at a time through all the wall's layers. As it passes or reaches through each layer, the creature must make a dexterity saving throw or be affected by that layer's properties as described below.\nThe wall can be destroyed, also one layer at a time, in order from red to violet, by means specific to each layer. Once a layer is destroyed, it remains so for the duration of the spell. A rod of cancellation destroys a prismatic wall, but an antimagic field has no effect on it.\n<b>1. Red.</b> The creature takes 10d6 fire damage on a failed save, or half as much damage on a successful one. While this layer is in place, nonmagical ranged attacks can't pass through the wall. The layer can be destroyed by dealing at least 25 cold damage to it.\n<b>2. Orange.</b> The creature takes 10d6 acid damage on a failed save, or half as much damage on a successful one. While this layer is in place, magical ranged attacks can't pass through the wall. The layer is destroyed by a strong wind.\n<b>3. Yellow.</b> The creature takes 10d6 lightning damage on a failed save, or half as much damage on a successful one. This layer can be destroyed by dealing at least 60 force damage to it.\n<b>4. Green.</b> The creature takes 10d6 poison damage on a failed save, or half as much damage on a successful one. A passwall spell, or another spell of equal or greater level that can open a portal on a solid surface, destroys this layer.\n<b>5. Blue.</b> The creature takes 10d6 cold damage on a failed save, or half as much damage on a successful one. This layer can be destroyed by dealing at least 25 fire damage to it.\n<b>6. Indigo.</b> On a failed save, the creature is restrained. It must then make a constitution saving throw at the end of each of its turns. If it successfully saves three times, the spell ends. If it fails its save three times, it permanently turns to stone and is subjected to the petrified condition. The successes and failures don't need to be consecutive; keep track of both until the creature collects three of a kind.\nWhile this layer is in place, spells can't be cast through the wall. The layer is destroyed by bright light shed by a daylight spell or a similar spell of equal or higher level.\n<b>7. Violet.</b> On a failed save, the creature is blinded. It must then make a wisdom saving throw at the start of your next turn. A successful save ends the blindness. If it fails that save, the creature is transported to another plane of the DM's choosing and is no longer blinded. (Typically, a creature that is on a plane that isn't its home plane is banished home, while other creatures are usually cast into the Astral or Ethereal planes.) This layer is destroyed by a dispel magic spell or a similar spell of equal or higher level that can end spells and magical effects.\n",
    "higher_levels": "",
    "window_open": false
  },
  {
    "name": "Shapechange",
    "level": 9,
    "ritual": false,
    "school": "Transmutation",
    "casting_time": "1 action",
    "target": "A creature of your choice that you can see within range",
    "range": "Self",
    "components": "V, S, M",
    "duration": "(Concentration) Up to 1 hour ",
    "classes": [
      "Druid",
      "Wizard"
    ],
    "description": "You assume the form of a different creature for the duration. The new form can be of any creature with a challenge rating equal to your level or lower. The creature can't be a construct or an undead, and you must have seen the sort of creature at least once. You transform into an average example of that creature, one without any class levels or the Spellcasting trait.\nYour game statistics are replaced by the statistics of the chosen creature, though you retain your alignment and Intelligence, Wisdom, and Charisma scores. You also retain all of your skill and saving throw proficiencies, in addition to gaining those of the creature. If the creature has the same proficiency as you and the bonus listed in its statistics is higher than yours, use the creature's bonus in place of yours. You can't use any legendary actions or lair actions of the new form.\nYou assume the hit points and Hit Dice of the new form. When you revert to your normal form, you return to the number of hit points you had before you transformed. If you revert as a result of dropping to 0 hit points, any excess damage carries over to your normal form. As long as the excess damage doesn't reduce your normal form to 0 hit points, you aren't knocked unconscious.\nYou retain the benefit of any features from your class, race, or other source and can use them, provided that your new form is physically capable of doing so. You can't use any special senses you have (for example, darkvision) unless your new form also has that sense. You can only speak if the creature can normally speak.\nWhen you transform, you choose whether your equipment falls to the ground, merges into the new form, or is worn by it. Worn equipment functions as normal. The DM determines whether it is practical for the new form to wear a piece of equipment, based on the creature's shape and size. Your equipment doesn't change shape or size to match the new form, and any equipment that the new form can't wear must either fall to the ground or merge into your new form. Equipment that merges has no effect in that state.\nDuring this spell's duration, you can use your action to assume a different form following the same restrictions and rules for the original form, with one exception: if your new form has more hit points than your current one, your hit points remain at their current value.\n",
    "higher_levels": "",
    "window_open": false
  },
  {
    "name": "Storm of Vengeance",
    "level": 9,
    "ritual": false,
    "school": "Conjuration",
    "casting_time": "1 action",
    "target": "A creature of your choice that you can see within range",
    "range": "Sight",
    "components": "V, S",
    "duration": "(Concentration) Up to 1 minute ",
    "classes": [
      "Druid"
    ],
    "description": "A churning storm cloud forms, centered on a point you can see and spreading to a radius of 360 feet. Lightning flashes in the area, thunder booms, and strong winds roar. Each creature under the cloud (no more than 5,000 feet beneath the cloud) when it appears must make a constitution saving throw. On a failed save, a creature takes 2d6 thunder damage and becomes deafened for 5 minutes.\nEach round you maintain concentration on this spell, the storm produces additional effects on your turn. \n<b>Round 2.</b> Acidic rain falls from the cloud. Each creature and object under the cloud takes 1d6 acid damage.\n<b>Round 3.</b> You call six bolts of lightning from the cloud to strike six creatures or objects of your choice beneath the cloud. A given creature or object can't be struck by more than one bolt. A struck creature must make a dexterity saving throw. The creature takes 10d6 lightning damage on a failed save, or half as much damage on a successful one.\n<b>Round 4.</b> Hailstones rain down from the cloud. Each creature under the cloud takes 2d6 bludgeoning damage.\n<b>Round 5-10.</b> Gusts and freezing rain assail the area under the cloud. The area becomes difficult terrain and is heavily obscured. Each creature there takes 1d6 cold damage. Ranged weapon attacks in the area are impossible. The wind and rain count as a severe distraction for the purposes of maintaining concentration on spells. Finally, gusts of strong wind (ranging from 20 to 50 miles per hour) automatically disperse fog, mists, and similar phenomena in the area, whether mundane or magical.\n",
    "higher_levels": "",
    "window_open": false
  },
  {
    "name": "Time Stop",
    "level": 9,
    "ritual": false,
    "school": "Transmutation",
    "casting_time": "1 action",
    "target": "A creature of your choice that you can see within range",
    "range": "Self",
    "components": "V",
    "duration": "Instantaneous",
    "classes": [
      "Sorcerer",
      "Wizard"
    ],
    "description": "You briefly stop the flow of time for everyone but yourself. No time passes for other creatures, while you take 1d4 + 1 turns in a row, during which you can use actions and move as normal.\nThis spell ends if one of the actions you use during this period, or any effects that you create during this period, affects a creature other than you or an object being worn or carried by someone other than you. In addition, the spell ends if you move to a place more than 1,000 feet from the location where you cast it.\n",
    "higher_levels": "",
    "window_open": false
  },
  {
    "name": "True Polymorph",
    "level": 9,
    "ritual": false,
    "school": "Transmutation",
    "casting_time": "1 action",
    "target": "A creature of your choice that you can see within range",
    "range": "30 feet",
    "components": "V, S, M",
    "duration": "(Concentration) Up to 1 hour ",
    "classes": [
      "Bard",
      "Warlock",
      "Wizard"
    ],
    "description": "Choose one creature or nonmagical object that you can see within range. You transform the creature into a different creature, the creature into an object, or the object into a creature (the object must be neither worn nor carried by another creature). The transformation lasts for the duration, or until the target drops to 0 hit points or dies. If you concentrate on this spell for the full duration, the transformation becomes permanent.\nShapechangers aren't affected by this spell. An unwilling creature can make a wisdom saving throw, and if it succeeds, it isn't affected by this spell.\n<b>Creature into Creature.</b> If you turn a creature into another kind of creature, the new form can be any kind you choose whose challenge rating is equal to or less than the target's (or its level, if the target doesn't have a challenge rating). The target's game statistics, including mental ability scores, are replaced by the statistics of the new form. It retains its alignment and personality.\nThe target assumes the hit points of its new form, and when it reverts to its normal form, the creature returns to the number of hit points it had before it transformed. If it reverts as a result of dropping to 0 hit points, any excess damage carries over to its normal form. As long as the excess damage doesn't reduce the creature's normal form to 0 hit points, it isn't knocked unconscious.\nThe creature is limited in the actions it can perform by the nature of its new form, and it can't speak, cast spells, or take any other action that requires hands or speech unless its new form is capable of such actions.\nThe target's gear melds into the new form. The creature can't activate, use, wield, or otherwise benefit from any of its equipment.\n<b>Object into Creature.</b> You can turn an object into any kind of creature, as long as the creature's size is no larger than the object's size and the creature's challenge rating is 9 or lower. The creature is friendly to you and your companions. It acts on each of your turns. You decide what action it takes and how it moves. The DM has the creature's statistics and resolves all of its actions and movement.\nIf the spell becomes permanent, you no longer control the creature. It might remain friendly to you, depending on how you have treated it.\n<b>Creature into Object.</b> If you turn a creature into an object, it transforms along with whatever it is wearing and carrying into that form. The creature's statistics become those of the object, and the creature has no memory of time spent in this form, after the spell ends and it returns to its normal form.\n",
    "higher_levels": "",
    "window_open": false
  },
  {
    "name": "True Resurrection",
    "level": 9,
    "ritual": false,
    "school": "Necromancy",
    "casting_time": "1 hour",
    "target": "A creature of your choice that you can see within range",
    "range": "Touch",
    "components": "V, S, M",
    "duration": "Instantaneous",
    "classes": [
      "Cleric",
      "Druid"
    ],
    "description": "You touch a creature that has been dead for no longer than 200 years and that died for any reason except old age. If the creature's soul is free and willing, the creature is restored to life with all its hit points.\nThis spell closes all wounds, neutralizes any poison, cures all diseases, and lifts any curses affecting the creature when it died. The spell replaces damaged or missing organs and limbs.\nThe spell can even provide a new body if the original no longer exists, in which case you must speak the creature's name. The creature then appears in an unoccupied space you choose within 10 feet of you.\n",
    "higher_levels": "",
    "window_open": false
  },
  {
    "name": "Weird",
    "level": 9,
    "ritual": false,
    "school": "Illusion",
    "casting_time": "1 action",
    "target": "A creature of your choice that you can see within range",
    "range": "120 feet",
    "components": "V, S",
    "duration": "(Concentration) Up to 1 minute ",
    "classes": [
      "Wizard"
    ],
    "description": "Drawing on the deepest fears of a group of creatures, you create illusory creatures in their minds, visible only to them. Each creature in a 30-foot-radius sphere centered on a point of your choice within range must make a wisdom saving throw. On a failed save, a creature becomes frightened for the duration. The illusion calls on the creature's deepest fears, manifesting its worst nightmares as an implacable threat. At the start of each of the frightened creature's turns, it must succeed on a wisdom saving throw or take 4 d10 psychic damage. On a successful save, the spell ends for that creature.\n",
    "higher_levels": "",
    "window_open": false
  },
  {
    "name": "Wish",
    "level": 9,
    "ritual": false,
    "school": "Conjuration",
    "casting_time": "1 action",
    "target": "A creature of your choice that you can see within range",
    "range": "Self",
    "components": "V",
    "duration": "Instantaneous",
    "classes": [
      "Sorcerer",
      "Wizard"
    ],
    "description": "Desire is the most powerful spell a deadly creature can throw. Simply by speaking aloud, you can alter the very foundations of reality as you wish.\nThe most basic use of this spell is to duplicate any other out of 8th level or lower. You only need to fill out any conditions for that, not even the need for costly components. The fate simply takes effect. You can also create one of the following effects of your choice:\n- You create one object of up to 25,000 gp in value that isn't a magic item. The object can be no more than 300 feet in any dimension, and it appears in an unoccupied space you can see on the ground.\n- You allow a maximum of twenty creatures you can see to get all their points and you dispel all effects affecting them, as described in greater restoration spell.\n- You grant to a maximum of ten creatures you can see resistance to a damage type you choose.\n- You grant to a maximum of ten creatures you can see immunity to a single spell or other magical effect for 8 hours. For example, you can immunize yourself and your companions against the attack of the Lich draining.\n- You cancel a recent event unique by requiring a new replacement jet diced any jet made during the last round (including your last turn). The reality is transformed to match the new launch. For example, a wish spell can cancel a successful saving throw enemy critical strike an opponent or ally saving throw missed. You can impose a jet with advantage or disadvantage, and you can choose to use the new result of the start or the old.\nYou can also do other things than the above examples. Describe your wishes to your MD in the most accurate way possible. The DM is free to determine what happens in this case; more desire, the more likely it is that something goes wrong. This spell may simply fail, the effect you want might be only partially executed, or you may suffer from unpredictable consequences depending on your formulation wish. For example, want an enemy died could propel you to a future time when your enemy is no longer alive, you effectively eliminating the game. Similarly, desiring a legendary magical object or artifact could carry you instantaneously in the presence of the current owner of the object.\nStress to cast this spell to produce an effect other than the reproduction of another spell weakens you. After undergoing this tension every time you cast a spell, and this until your next extended rest, you suffer 1d10 necrotic damage per spell level. This damage can not be reduced or avoided in any way. In addition, your Force falls to 3, if it is not already less than 3, for 2d4 days. For each day spent resting or practicing a minor activity, your recovery time decreases by 2 days. Finally, you have a 33% chance of never being able to cast the spell if you wish undergoes stress.\n",
    "higher_levels": "",
    "window_open": false
  }
]