[
  {
    "name": "Arcane Eye",
    "level": 4,
    "ritual": false,
    "school": "Divination",
    "casting_time": "1 action",
    "target": "A creature of your choice that you can see within range",
    "range": "30 feet",
    "components": "V, S, M",
    "duration": "(Concentration) Up to 1 hour ",
    "classes": [
      "Cleric",
      "Wizard"
    ],
    "description": "You create an invisible, magical eye within range that hovers in the air for the duration.\nYou mentally receive visual information from the eye, which has normal vision and darkvision out to 30 feet. The eye can look in every direction.\nAs an action, you can move the eye up to 30 feet in any direction. There is no limit to how far away from you the eye can move, but it can't enter another plane of existence. A solid barrier blocks the eye's movement, but the eye can pass through an opening as small as 1 inch in diameter.\n",
    "higher_levels": "",
    "window_open": false
  },
  {
    "name": "Aura of Life",
    "level": 4,
    "ritual": false,
    "school": "Abjuration",
    "casting_time": "1 action",
    "target": "A creature of your choice that you can see within range",
    "range": "Self",
    "components": "V",
    "duration": "(Concentration) Up to 10 minutes ",
    "classes": [
      "Paladin"
    ],
    "description": "Life-preserving energy radiates from you in an aura with a 30-foot radius. Until the spell ends, the aura moves with you, centered on you. Each nonhostile creature in the aura (including you) has resistance to necrotic damage, and its hit point maximum can't be reduced. In addition, a nonhostile, living creature regains 1 hit point when it starts its turn in the aura with 0 hit points.\n",
    "higher_levels": "",
    "window_open": false
  },
  {
    "name": "Aura of Purity",
    "level": 4,
    "ritual": false,
    "school": "Abjuration",
    "casting_time": "1 action",
    "target": "A creature of your choice that you can see within range",
    "range": "Self",
    "components": "V",
    "duration": "(Concentration) Up to 10 minutes ",
    "classes": [
      "Paladin"
    ],
    "description": "Purifying energy radiates from you in an aura with a 30-foot radius. Until the spell ends, the aura moves with you, centered on you. Each nonhostile creature in the aura (including you) can't become diseased, has resistance to poison damage, and has advantage on saving throws against affects that cause any of the following conditions: blinded, charmed, deafened, frightened, paralysed, poisoned and stunned.\n",
    "higher_levels": "",
    "window_open": false
  },
  {
    "name": "Banishment",
    "level": 4,
    "ritual": false,
    "school": "Abjuration",
    "casting_time": "1 action",
    "target": "A creature of your choice that you can see within range",
    "range": "60 feet",
    "components": "V, S, M",
    "duration": "(Concentration) Up to 1 minute ",
    "classes": [
      "Cleric",
      "Paladin",
      "Sorcerer",
      "Warlock",
      "Wizard"
    ],
    "description": "You attempt to send one creature that you can see within range to another plane of existence. The target must succeed on a charisma saving throw or be banished.\nIf the target is native to the plane of existence you're on, you banish the target to a harmless demiplane. While there, the target is incapacitated. The target remains there until the spell ends, at which point the target reappears in the space it left or in the nearest unoccupied space if that space is occupied.\nIf the target is native to a different plane of existence than the one you're on, the target is banished with a faint popping noise, returning to its home plane. If the spell ends before 1 minute has passed, the target reappears in the space it left or in the nearest unoccupied space if that space is occupied. Otherwise, the target doesn't return.\n",
    "higher_levels": "When you cast this spell using a spell slot of 5th level or higher, you can target one additional creature for each slot level above 4th.\n",
    "window_open": false
  },
  {
    "name": "Blight",
    "level": 4,
    "ritual": false,
    "school": "Necromancy",
    "casting_time": "1 action",
    "target": "A creature of your choice that you can see within range",
    "range": "30 feet",
    "components": "V, S",
    "duration": "Instantaneous",
    "classes": [
      "Druid",
      "Sorcerer",
      "Warlock",
      "Wizard"
    ],
    "description": "Necromantic energy washes over a creature of your choice that you can see within range, draining moisture and vitality from it. The target must make a constitution saving throw. The target takes 8d8 necrotic damage on a failed save, or half as much damage on a successful one. The spell has no effect on undead or constructs.\nIf you target a plant creature or a magical plant, it makes the saving throw with disadvantage, and the spell deals maximum damage to it.\nIf you target a nonmagical plant that isn't a creature, such as a tree or shrub, it doesn't make a saving throw; it simply withers and dies.\n",
    "higher_levels": "When you cast this spell using a spell slot of 5th level of higher, the damage increases by 1d8 for each slot level above 4th.\n",
    "window_open": false
  },
  {
    "name": "Compulsion",
    "level": 4,
    "ritual": false,
    "school": "Enchantment",
    "casting_time": "1 action",
    "target": "A creature of your choice that you can see within range",
    "range": "30 feet",
    "components": "V, S",
    "duration": "(Concentration) Up to 1 minute ",
    "classes": [
      "Bard"
    ],
    "description": "Creatures of your choice that you can see within range and that can hear you must make a wisdom saving throw. A target automatically succeeds on this saving throw if it can't be charmed. On a failed save, a target is affected by this spell. Until the spell ends, you can use a bonus action on each of your turns to designate a direction that is horizontal to you. Each affected target must use as much of its movement as possible to move in that direction on its next turn. It can take any action before it moves. After moving in this way, it can make another Wisdom save to try to end the effect.\nA target isn't compelled to move into an obviously deadly hazard, such as a fire or a pit, but it will provoke opportunity attacks to move in the designated direction.\n",
    "higher_levels": "",
    "window_open": false
  },
  {
    "name": "Confusion",
    "level": 4,
    "ritual": false,
    "school": "Enchantment",
    "casting_time": "1 action",
    "target": "A creature of your choice that you can see within range",
    "range": "90 feet",
    "components": "V, S, M",
    "duration": "(Concentration) Up to 1 minute ",
    "classes": [
      "Bard",
      "Cleric",
      "Druid",
      "Sorcerer",
      "Wizard"
    ],
    "description": "This spell assails and distorts the minds of creatures, generating illusions and causing uncontrolled actions. Each creature in a sphere of 10-foot-radius centered on a point chosen in the range of the spell must make a wisdom saving throw otherwise it will be affected by the spell.\nAn affected target can react and it must start at the beginning of 1d10 each of his game rounds to determine its behavior for that round.\nAt the end of each turn, an affected creature can make a saving throw of Wisdom. If successful, the effect of the spell ends for this target.\n",
    "higher_levels": "When you cast this spell using a level spell slot 5 or more, the radius of the sphere increases by 5 feet for each level of higher spell slot to 4.\n",
    "window_open": false
  },
  {
    "name": "Conjure Minor Elementals",
    "level": 4,
    "ritual": false,
    "school": "Conjuration",
    "casting_time": "1 minute",
    "target": "A creature of your choice that you can see within range",
    "range": "90 feet",
    "components": "V, S",
    "duration": "(Concentration) Up to 1 hour ",
    "classes": [
      "Druid",
      "Wizard"
    ],
    "description": "You summon elementals that appear in unoccupied spaces that you can see within range. You choose one the following options for what appears:\n- One elemental of challenge rating 2 or lower\n- Two elementals of challenge rating 1 or lower\n- Four elementals of challenge rating 1/2 or lower\n- Eight elementals of challenge rating 1/4 or lower.\nAn elemental summoned by this spell disappears when it drops to 0 hit points or when the spell ends.\nThe summoned creatures are friendly to you and your companions. Roll initiative for the summoned creatures as a group, which has its own turns. They obey any verbal commands that you issue to them (no action required by you). If you don't issue any commands to them, they defend themselves from hostile creatures, but otherwise take no actions.\nThe DM has the creatures' statistics.\n",
    "higher_levels": "When you cast this spell using certain higher-level spell slots, you choose one of the summoning options above, and more creatures appear: twice as many with a 6th-level slot and three times as many with an 8th-level slot.\n",
    "window_open": false
  },
  {
    "name": "Conjure Woodland Beings",
    "level": 4,
    "ritual": false,
    "school": "Conjuration",
    "casting_time": "1 action",
    "target": "A creature of your choice that you can see within range",
    "range": "60 feet",
    "components": "V, S, M",
    "duration": "(Concentration) Up to 1 hour ",
    "classes": [
      "Druid",
      "Ranger"
    ],
    "description": "You summon fey creatures that appear in unoccupied spaces that you can see within range. Choose one of the following options for what appears:\n- One fey creature of challenge rating 2 or lower\n- Two fey creatures of challenge rating 1 or lower\n- Four fey creatures of challenge rating 1/2 or lower\n- Eight fey creatures of challenge rating 1/4 or lower\nA summoned creature disappears when it drops to 0 hit points or when the spell ends.\nThe summoned creatures are friendly to you and your companions. Roll initiative for the summoned creatures as a group, which have their own turns. They obey any verbal commands that you issue to them (no action required by you). If you don't issue any commands to them, they defend themselves from hostile creatures, but otherwise take no actions.\nThe DM has the creatures' statistics.\n",
    "higher_levels": "When you cast this spell using certain higher-level spell slots, you choose one of the summoning options above, and more creatures appear: twice as many with a 6th-level slot and three times as many with an 8th-level slot.\n",
    "window_open": false
  },
  {
    "name": "Control Water",
    "level": 4,
    "ritual": false,
    "school": "Transmutation",
    "casting_time": "1 action",
    "target": "A creature of your choice that you can see within range",
    "range": "300 feet",
    "components": "V, S, M",
    "duration": "(Concentration) Up to 10 minutes ",
    "classes": [
      "Cleric",
      "Druid",
      "Wizard"
    ],
    "description": "Until the spell ends, you control any freestanding water inside an area you choose that is a cube up to 100 feet on a side. You can choose from any of the following effects when you cast this spell. As an action on your turn, you can repeat the same effect or choose a different one.\n<b>Flood.</b> You cause the water level of all standing water in the area to rise by as much as 20 feet. If the area includes a shore, the flooding water spills over onto dry land.\ninstead create a 20-foot tall wave that travels from one side of the area to the other and then crashes down. Any Huge or smaller vehicles in the wave's path are carried with it to the other side. Any Huge or smaller vehicles struck by the wave have a 25 percent chance of capsizing.\nThe water level remains elevated until the spell ends or you choose a different effect. If this effect produced a wave, the wave repeats on the start of your next turn while the flood effect lasts.\n<b>Part Water.</b> You cause water in the area to move apart and create a trench. The trench extends across the spell's area, and the separated water forms a wall to either side. The trench remains until the spell ends or you choose a different effect. The water then slowly fills in the trench over the course of the next round until the normal water level is restored.\n<b>Redirect Flow.</b> You cause flowing water in the area to move in a direction you choose, even if the water has to flow over obstacles, up walls, or in other unlikely directions. The water in the area moves as you direct it, but once it moves beyond the spell's area, it resumes its flow based on the terrain conditions. The water continues to move in the direction you chose until the spell ends or you choose a different effect.\n<b>Whirlpool.</b> This effect requires a body of water at least 50 feet square and 25 feet deep. You cause a whirlpool to form in the center of the area. The whirlpool forms a vortex that is 5 feet wide at the base, up to 50 feet wide at the top, and 25 feet tall. Any creature or object in the water and within 25 feet of the vortex is pulled 10 feet toward it. A creature can swim away from the vortex by making a Strength (Athletics) check against your spell save DC.\nWhen a creature enters the vortex for the first time on a turn or starts its turn there, it must make a strength saving throw. On a failed save, the creature takes 2d8 bludgeoning damage and is caught in the vortex until the spell ends. On a successful save, the creature takes half damage, and isn't caught in the vortex. A creature caught in the vortex can use its action to try to swim away from the vortex as described above, but has disadvantage on the Strength (Athletics) check to do so.\nThe first time each turn that an object enters the vortex, the object takes 2d8 bludgeoning damage; this damage occurs each round it remains in the vortex.\n",
    "higher_levels": "",
    "window_open": false
  },
  {
    "name": "Death Ward",
    "level": 4,
    "ritual": false,
    "school": "Abjuration",
    "casting_time": "1 action",
    "target": "A creature of your choice that you can see within range",
    "range": "Touch",
    "components": "V, S",
    "duration": "8 hours",
    "classes": [
      "Cleric",
      "Paladin"
    ],
    "description": "You touch a creature and grant it a measure of protection from death.\nThe first time the target would drop to 0 hit points as a result of taking damage, the target instead drops to 1 hit point, and the spell ends.\nIf the spell is still in effect when the target is subjected to an effect that would kill it instantaneously without dealing damage, that effect is instead negated against the target, and the spell ends.\n",
    "higher_levels": "",
    "window_open": false
  },
  {
    "name": "Dimension Door",
    "level": 4,
    "ritual": false,
    "school": "Conjuration",
    "casting_time": "1 action",
    "target": "A creature of your choice that you can see within range",
    "range": "500 feet",
    "components": "V",
    "duration": "Instantaneous",
    "classes": [
      "Bard",
      "Cleric",
      "Paladin",
      "Sorcerer",
      "Warlock",
      "Wizard"
    ],
    "description": "You teleport yourself from your current location to any other spot within range. You arrive at exactly the spot desired. It can be a place you can see, one you can visualize, or one you can describe by stating distance and direction, such as \u00e2\u20ac\u015b200 feet straight downward\u00e2\u20ac\u0165 or \u00e2\u20ac\u015bupward to the northwest at a 45-degree angle, 300 feet.\u00e2\u20ac\u0165\nYou can bring along objects as long as their weight doesn't exceed what you can carry. You can also bring one willing creature of your size or smaller who is carrying gear up to its carrying capacity. The creature must be within 5 feet of you when you cast this spell.\nIf you would arrive in a place already occupied by an object or a creature, you and any creature traveling with you each take 4d6 force damage, and the spell fails to teleport you.\n",
    "higher_levels": "",
    "window_open": false
  },
  {
    "name": "Divination",
    "level": 4,
    "ritual": true,
    "school": "Divination",
    "casting_time": "1 action",
    "target": "A creature of your choice that you can see within range",
    "range": "Self",
    "components": "V, S, M",
    "duration": "Instantaneous",
    "classes": [
      "Cleric",
      "Druid"
    ],
    "description": "Your magic and an offering put you in contact with a god or a god's servants. You ask a single question concerning a specific goal, event, or activity to occur within 7 days. The DM offers a truthful reply. The reply might be a short phrase, a cryptic rhyme, or an omen.\nThe spell doesn't take into account any possible circumstances that might change the outcome, such as the casting of additional spells or the loss or gain of a companion.\nIf you cast the spell two or more times before finishing your next long rest, there is a cumulative 25 percent chance for each casting after the first that you get a random reading. The DM makes this roll in secret.\n",
    "higher_levels": "",
    "window_open": false
  },
  {
    "name": "Dominate Beast",
    "level": 4,
    "ritual": false,
    "school": "Enchantment",
    "casting_time": "1 action",
    "target": "A creature of your choice that you can see within range",
    "range": "60 feet",
    "components": "V, S",
    "duration": "(Concentration) Up to 1 minute ",
    "classes": [
      "Cleric",
      "Druid",
      "Sorcerer",
      "Warlock"
    ],
    "description": "You attempt to beguile a creature that you can see within range. It must succeed on a wisdom saving throw or be charmed by you for the duration. If you or creatures that are friendly to you are fighting it, it has advantage on the saving throw.\nWhile the creature is charmed, you have a telepathic link with it as long as the two of you are on the same plane of existence. You can use this telepathic link to issue commands to the creature while you are conscious (no action required), which it does its best to obey. You can specify a simple and general course of action, such as \"Attack that creature,\" \"Run over there,\" or \"Fetch that object.\" If the creature completes the order and doesn't receive further direction from you, it defends and preserves itself to the best of its ability.\nYou can use your action to take total and precise control of the target. Until the end of your next turn, the creature takes only the actions you choose, and doesn't do anything that you don't allow it to do. During this time, you can also cause the creature to use a reaction, but this requires you to use your own reaction as well. Each time the target takes damage, it makes a new wisdom saving throw against the spell. If the saving throw succeeds, the spell ends.\n",
    "higher_levels": "When you cast this spell with a 9th level spell slot, the duration is concentration, up to 8 hours.\n",
    "window_open": false
  },
  {
    "name": "Elemental Bane",
    "level": 4,
    "ritual": false,
    "school": "Transmutation",
    "casting_time": "1 action",
    "target": "A creature of your choice that you can see within range",
    "range": "90 feet",
    "components": "V, S",
    "duration": "(Concentration) Up to 1 minute ",
    "classes": [
      "Druid",
      "Warlock",
      "Wizard"
    ],
    "description": "Choose one creature you can see within range, and choose one of the following damage types: acid, cold, fire, lightning, or thunder. The target must succeed on a Constitution saving throw or be affected by the spell for its duration. The first time each turn the affected target takes damage of the chosen type, the target takes an extra 2d6 damage of that type. Moreover, the target loses any resistance to that damage type until the spell ends.\n",
    "higher_levels": "When you cast this spell using a spell slot of 5th level or higher, you can target one additional creature for each slot level above 4th. The creatures must be within 30 feet of each other when you target them.\n",
    "window_open": false
  },
  {
    "name": "Evard's Black Tentacles",
    "level": 4,
    "ritual": false,
    "school": "Conjuration",
    "casting_time": "1 action",
    "target": "A creature of your choice that you can see within range",
    "range": "90 feet",
    "components": "V, S, M",
    "duration": "(Concentration) Up to 1 minute ",
    "classes": [
      "Warlock",
      "Wizard"
    ],
    "description": "Dark writhing tentacles occupy the ground in a square of 90 feet ridge you can see the range of the spell. For the duration of the spell, the tentacles make the difficult terrain.\nWhen a creature enters the affected area for the first time in a turn or where it begins its turn, it must make a dexterity saving throw or it suffers 3d6 bludgeoning damage and is hampered by tentacles until the end of the spell. A creature that starts its turn in the area and is already hampered by the tentacles suffers 3d6 bludgeoning damage.\nA creature hampered by the tentacles can use his action to a test Strength or Dexterity (at its option) opposite to the SD backup of your fate. If successful, it is free.\n",
    "higher_levels": "",
    "window_open": false
  },
  {
    "name": "Fabricate",
    "level": 4,
    "ritual": false,
    "school": "Transmutation",
    "casting_time": "10 minutes",
    "target": "A creature of your choice that you can see within range",
    "range": "120 feet",
    "components": "V, S",
    "duration": "Instantaneous",
    "classes": [
      "Wizard"
    ],
    "description": "You convert raw materials into products of the same material. For example, you can fabricate a wooden bridge from a clump of trees, a rope from a patch of hemp, and clothes from flax or wool.\nChoose raw materials that you can see within range. You can fabricate a Large or smaller object (contained within a 10-foot cube, or eight connected 5-foot cubes), given a sufficient quantity of raw material. If you are working with metal, stone, or another mineral substance, however, the fabricated object can be no larger than Medium (contained within a single 5-foot cube). The quality of objects made by the spell is commensurate with the quality of the raw materials.\nCreatures or magic items can't be created or transmuted by this spell. You also can't use it to create items that ordinarily require a high degree of craftsmanship, such as jewelry, weapons, glass, or armor, unless you have proficiency with the type of artisan's tools used to craft such objects.\n",
    "higher_levels": "",
    "window_open": false
  },
  {
    "name": "Fire Shield",
    "level": 4,
    "ritual": false,
    "school": "Evocation",
    "casting_time": "1 action",
    "target": "A creature of your choice that you can see within range",
    "range": "Self",
    "components": "V, S, M",
    "duration": "10 minutes",
    "classes": [
      "Warlock",
      "Wizard"
    ],
    "description": "Thin and vaporous flame surround your body for the duration of the spell, radiating a bright light bright light in a 10-foot radius and dim light for an additional 10 feet. You can end the spell using an action to make it disappear.\nThe flames are around you a heat shield or cold, your choice. The heat shield gives you cold damage resistance and the cold resistance to fire damage.\nIn addition, whenever a creature within 5 feet of you hits you with a melee attack, flames spring from the shield. The attacker then suffers 2d8 points of fire damage or cold, depending on the model. \n",
    "higher_levels": "",
    "window_open": false
  },
  {
    "name": "Freedom of Movement",
    "level": 4,
    "ritual": false,
    "school": "Abjuration",
    "casting_time": "1 action",
    "target": "A creature of your choice that you can see within range",
    "range": "Touch",
    "components": "V, S, M",
    "duration": "1 hour",
    "classes": [
      "Bard",
      "Cleric",
      "Druid",
      "Paladin",
      "Ranger"
    ],
    "description": "You touch a willing creature. For the duration, the target's movement is unaffected by difficult terrain, and spells and other magical effects can neither reduce the target's speed nor cause the target to be paralyzed or restrained.\nThe target can also spend 5 feet of movement to automatically escape from nonmagical restraints, such as manacles or a creature that has it grappled. Finally, being underwater imposes no penalties on the target's movement or attacks.\n",
    "higher_levels": "",
    "window_open": false
  },
  {
    "name": "Giant Insect",
    "level": 4,
    "ritual": false,
    "school": "Transmutation",
    "casting_time": "1 action",
    "target": "A creature of your choice that you can see within range",
    "range": "30 feet",
    "components": "V, S",
    "duration": "(Concentration) Up to 10 minutes ",
    "classes": [
      "Druid"
    ],
    "description": "You transform up to ten centipedes, three spiders, five wasps, or one scorpion within range into giant versions of their natural forms for the duration. A centipede becomes a giant centipede, a spider becomes a giant spider, a wasp becomes a giant wasp, and a scorpion becomes a giant scorpion.\nEach creature obeys your verbal commands, and in combat, they act on your turn each round. The DM has the statistics for these creatures and resolves their actions and movement.\nA creature remains in its giant size for the duration, until it drops to 0 hit points, or until you use an action to dismiss the effect on it.\nThe DM might allow you to choose different targets. For example, if you transform a bee, its giant version might have the same statistics as a giant wasp.\n",
    "higher_levels": "",
    "window_open": false
  },
  {
    "name": "Grasping Vine",
    "level": 4,
    "ritual": false,
    "school": "Conjuration",
    "casting_time": "1 bonus action",
    "target": "A creature of your choice that you can see within range",
    "range": "30 feet",
    "components": "V, S",
    "duration": "(Concentration) Up to 1 minute ",
    "classes": [
      "Cleric",
      "Druid",
      "Ranger"
    ],
    "description": "You conjure a vine that sprouts from the ground in an unoccupied space of your choice that you can see within range. When you cast this spell, you can direct the vine to lash out at a creature within 30 feet of it that you can see. That creature must succeed on a dexterity saving throw or be pulled 20 feet directly toward the vine. \nUntil the spell ends, you can direct the vine to lash out at the same creature or another one as a bonus action on each of your turns.\n",
    "higher_levels": "",
    "window_open": false
  },
  {
    "name": "Greater Invisibility",
    "level": 4,
    "ritual": false,
    "school": "Illusion",
    "casting_time": "1 action",
    "target": "A creature of your choice that you can see within range",
    "range": "Touch",
    "components": "V, S",
    "duration": "(Concentration) Up to 1 minute ",
    "classes": [
      "Bard",
      "Druid",
      "Sorcerer",
      "Warlock",
      "Wizard"
    ],
    "description": "You or a creature you touch becomes invisible until the spell ends. Anything the target is wearing or carrying is invisible as long as it is on the target's person.\n",
    "higher_levels": "",
    "window_open": false
  },
  {
    "name": "Guardian of Faith",
    "level": 4,
    "ritual": false,
    "school": "Conjuration",
    "casting_time": "1 action",
    "target": "A creature of your choice that you can see within range",
    "range": "30 feet",
    "components": "V",
    "duration": "8 hours",
    "classes": [
      "Cleric",
      "Paladin"
    ],
    "description": "A Large spectral guardian appears and hovers for the duration in an unoccupied space of your choice that you can see within range. The guardian occupies that space and is indistinct except for a gleaming sword and shield emblazoned with the symbol of your deity.\nAny creature hostile to you that moves to a space within 10 feet of the guardian for the first time on a turn must succeed on a dexterity saving throw. The creature takes 20 radiant damage on a failed save, or half as much damage on a successful one. The guardian vanishes when it has dealt a total of 60 damage.\n",
    "higher_levels": "",
    "window_open": false
  },
  {
    "name": "Hallucinatory Terrain",
    "level": 4,
    "ritual": false,
    "school": "Illusion",
    "casting_time": "10 minutes",
    "target": "A creature of your choice that you can see within range",
    "range": "300 feet",
    "components": "V, S, M",
    "duration": "24 hours",
    "classes": [
      "Bard",
      "Druid",
      "Warlock",
      "Wizard"
    ],
    "description": "The tactile characteristics of the terrain are unchanged, so creatures entering the area are likely to see through the illusion. If the difference isn't obvious by touch, a creature carefully examining the illusion can attempt an Intelligence (Investigation) check against your spell save DC to disbelieve it. A creature who discerns the illusion for what it is, sees it as a vague image superimposed on the terrain.\n",
    "higher_levels": "",
    "window_open": false
  },
  {
    "name": "Ice Storm",
    "level": 4,
    "ritual": false,
    "school": "Evocation",
    "casting_time": "1 action",
    "target": "A creature of your choice that you can see within range",
    "range": "300 feet",
    "components": "V, S, M",
    "duration": "Instantaneous",
    "classes": [
      "Cleric",
      "Druid",
      "Paladin",
      "Sorcerer",
      "Wizard"
    ],
    "description": "A hail of rock-hard ice pounds to the ground in a 20-foot-radius, 40-foot-high cylinder centered on a point within range. Each creature in the cylinder must make a dexterity saving throw. A creature takes 2d8 bludgeoning damage and 4d6 cold damage on a failed save, or half as much damage on a successful one.\nHailstones turn the storm's area of effect into difficult terrain until the end of your next turn.\n",
    "higher_levels": "When you cast this spell using a spell slot of 5th level or higher, the bludgeoning damage increases by 1d8 for each slot level above 4th.\n",
    "window_open": false
  },
  {
    "name": "Leomund's Secret Chest",
    "level": 4,
    "ritual": false,
    "school": "Conjuration",
    "casting_time": "1 action",
    "target": "A creature of your choice that you can see within range",
    "range": "Touch",
    "components": "V, S, M",
    "duration": "Instantaneous",
    "classes": [
      "Wizard"
    ],
    "description": "You hide a chest, and all its contents, on the Ethereal Plane. You must touch the chest and the miniature replica that serves as a material component for the spell. The chest can contain up to 12 cubic feet of nonliving material (3 feet by 2 feet by 2 feet).\nWhile the chest remains on the Ethereal Plane, you can use an action and touch the replica to recall the chest. It appears in an unoccupied space on the ground within 5 feet of you. You can send the chest back to the Ethereal Plane by using an action and touching both the chest and the replica.\nAfter 60 days, there is a cumulative 5 percent chance per day that the spell's effect ends. This effect ends if you cast this spell again, if the smaller replica chest is destroyed, or if you choose to end the spell as an action. If the spell ends and the larger chest is on the Ethereal Plane, it is irretrievably lost.\n",
    "higher_levels": "",
    "window_open": false
  },
  {
    "name": "Locate Creature",
    "level": 4,
    "ritual": false,
    "school": "Divination",
    "casting_time": "1 action",
    "target": "A creature of your choice that you can see within range",
    "range": "Self",
    "components": "V, S, M",
    "duration": "(Concentration) Up to 1 hour ",
    "classes": [
      "Bard",
      "Cleric",
      "Druid",
      "Paladin",
      "Ranger",
      "Wizard"
    ],
    "description": "Describe or name a creature that is familiar to you. You sense the direction to the creature's location, as long as that creature is within 1,000 feet of you. If the creature is moving, you know the direction of its movement.\nThe spell can locate a specific creature known to you, or the nearest creature of a specific kind (such as a human or a unicorn), so long as you have seen such a creature up close\u00e2\u20ac\u201dwithin 30 feet\u00e2\u20ac\u201dat least once. If the creature you described or named is in a different form, such as being under the effects of a polymorph spell, this spell doesn't locate the creature.\nThis spell can't locate a creature if running water at least 10 feet wide blocks a direct path between you and the creature.\n",
    "higher_levels": "",
    "window_open": false
  },
  {
    "name": "Mordenkainen's Faithful Hound",
    "level": 4,
    "ritual": false,
    "school": "Conjuration",
    "casting_time": "1 action",
    "target": "A creature of your choice that you can see within range",
    "range": "30 feet",
    "components": "V, S, M",
    "duration": "8 hours",
    "classes": [
      "Wizard"
    ],
    "description": "You create a sword-shaped plane of force that hovers within range. It lasts for the duration.\nWhen the sword appears, you make a melee spell attack against a target of your choice within 5 feet of the sword. On a hit, the target takes 3d10 force damage. Until the spell ends, you can use a bonus action on each of your turns to move the sword up to 20 feet to a spot you can see and repeat this attack against the same target or a different one.\n",
    "higher_levels": "",
    "window_open": false
  },
  {
    "name": "Mordenkainen's Private Sanctum",
    "level": 4,
    "ritual": false,
    "school": "Abjuration",
    "casting_time": "10 minutes",
    "target": "A creature of your choice that you can see within range",
    "range": "120 feet",
    "components": "V, S, M",
    "duration": "24 hours",
    "classes": [
      "Wizard"
    ],
    "description": "You make an area within range magically secure. The area is a cube that can be as small as 5 feet to as large as 100 feet on each side. The spell lasts for the duration or until you use an action to dismiss it.\nuntil you use an action to dismiss it. When you cast the spell, you decide what sort of security the spell provides, choosing any or all of the following properties:\n- Sound can't pass through the barrier at the edge of the warded area.\n- The barrier of the warded area appears dark and foggy, preventing vision (including darkvision) through it.\n- Sensors created by divination spells can't appear inside the protected area or pass through the barrier at its perimeter.\n- Creatures in the area can't be targeted by divination spells.\n- Nothing can teleport into or out of the warded area.\n- Planar travel is blocked within the warded area.\nCasting this spell on the same spot every day for a year makes this effect permanent.\n",
    "higher_levels": "When you cast this spell using a spell slot of 5th level or higher, you can increase the size of the cube by 100 feet for each slot level beyond 4th. Thus you could protect a cube that can be up to 200 feet on one side by using a spell slot of 5th level.\n",
    "window_open": false
  },
  {
    "name": "Otiluke's Resilient Sphere",
    "level": 4,
    "ritual": false,
    "school": "Evocation",
    "casting_time": "1 action",
    "target": "A creature of your choice that you can see within range",
    "range": "30 feet",
    "components": "V, S, M",
    "duration": "(Concentration) Up to 1 minute ",
    "classes": [
      "Wizard"
    ],
    "description": "A sphere of shimmering force encloses a creature or object of Large size or smaller within range. An unwilling creature must make a dexterity saving throw. On a failed save, the creature is enclosed for the duration.\nNothing\u00e2\u20ac\u201dnot physical objects, energy, or other spell effects\u00e2\u20ac\u201dcan pass through the barrier, in or out, though a creature in the sphere can breathe there. The sphere is immune to all damage, and a creature or object inside can't be damaged by attacks or effects originating from outside, nor can a creature inside the sphere damage anything outside it.\nThe sphere is weightless and just large enough to contain the creature or object inside. An enclosed creature can use its action to push against the sphere's walls and thus roll the sphere at up to half the creature's speed. Similarly, the globe can be picked up and moved by other creatures.\nA disintegrate spell targeting the globe destroys it without harming anything inside it.\n",
    "higher_levels": "",
    "window_open": false
  },
  {
    "name": "Phantasmal Killer",
    "level": 4,
    "ritual": false,
    "school": "Illusion",
    "casting_time": "1 action",
    "target": "A creature of your choice that you can see within range",
    "range": "120 feet",
    "components": "V, S",
    "duration": "(Concentration) Up to 1 minute ",
    "classes": [
      "Wizard"
    ],
    "description": "You tap into the nightmares of a creature you can see within range and create an illusory manifestation of its deepest fears, visible only to that creature. The target must make a wisdom saving throw. On a failed save, the target becomes frightened for the duration. At the start of each of the target's turns before the spell ends, the target must succeed on a wisdom saving throw or take 4 d10 psychic damage. On a successful save, the spell ends.\n",
    "higher_levels": "When you cast this spell using a spell slot of 5th level or higher, the damage increases by 1dlO for each slot level above 4th.\n",
    "window_open": false
  },
  {
    "name": "Polymorph",
    "level": 4,
    "ritual": false,
    "school": "Transmutation",
    "casting_time": "1 action",
    "target": "A creature of your choice that you can see within range",
    "range": "60 feet",
    "components": "V, S, M",
    "duration": "(Concentration) Up to 1 hour ",
    "classes": [
      "Bard",
      "Cleric",
      "Druid",
      "Sorcerer",
      "Wizard"
    ],
    "description": "This spell transforms a creature that you can see within range into a new form. An unwilling creature must make a wisdom saving throw to avoid the effect. A shapechanger automatically succeeds on this saving throw.\nThe transformation lasts for the duration, or until the target drops to 0 hit points or dies. The new form can be any beast whose challenge rating is equal to or less than the target's (or the target's level, if it doesn't have a challenge rating). The target's game statistics, including mental ability scores, are replaced by the statistics of the chosen beast. It retains its alignment and personality.\nThe target assumes the hit points of its new form. When it reverts to its normal form, the creature returns to the number of hit points it had before it transformed. If it reverts as a result of dropping to 0 hit points, any excess damage carries over to its normal form. As long as the excess damage doesn't reduce the creature's normal form to 0 hit points, it isn't knocked unconscious.\nThe creature is limited in the actions it can perform by the nature of its new form, and it can't speak, cast spells, or take any other action that requires hands or speech.\nThe target's gear melds into the new form. The creature can't activate, use, wield, or otherwise benefit from any of its equipment.\n",
    "higher_levels": "",
    "window_open": false
  },
  {
    "name": "Staggering Smite",
    "level": 4,
    "ritual": false,
    "school": "Evocation",
    "casting_time": "1 bonus action",
    "target": "A creature of your choice that you can see within range",
    "range": "Self",
    "components": "V",
    "duration": "(Concentration) Up to 1 minute ",
    "classes": [
      "Paladin"
    ],
    "description": "The next time you hit a creature with a melee weapon attack during this spell's duration, your weapon pierces both body and mind, and the attack deals an extra 4d6 psychic damage to the target. The target must make a wisdom saving throw. On a failed save, it has disadvantage on attack rolls and ability checks, and can't take reactions, until the end of its next turn.\n",
    "higher_levels": "",
    "window_open": false
  },
  {
    "name": "Stone Shape",
    "level": 4,
    "ritual": false,
    "school": "Transmutation",
    "casting_time": "1 action",
    "target": "A creature of your choice that you can see within range",
    "range": "Touch",
    "components": "V, S, M",
    "duration": "Instantaneous",
    "classes": [
      "Cleric",
      "Druid",
      "Wizard"
    ],
    "description": "You touch a stone object of Medium size or smaller or a section of stone no more than 5 feet in any dimension and form it into any shape that suits your purpose. So, for example, you could shape a large rock into a weapon, idol, or coffer, or make a small passage through a wall, as long as the wall is less than 5 feet thick. You could also shape a stone door or its frame to seal the door shut. The object you create can have up to two hinges and a latch, but finer mechanical detail isn't possible.\n",
    "higher_levels": "",
    "window_open": false
  },
  {
    "name": "Stoneskin",
    "level": 4,
    "ritual": false,
    "school": "Abjuration",
    "casting_time": "1 action",
    "target": "A creature of your choice that you can see within range",
    "range": "Touch",
    "components": "V, S, M",
    "duration": "(Concentration) Up to 1 hour ",
    "classes": [
      "Cleric",
      "Druid",
      "Paladin",
      "Ranger",
      "Sorcerer",
      "Wizard"
    ],
    "description": "This spell turns the flesh of a willing creature you touch as hard as stone. Until the spell ends, the target has resistance to nonmagical bludgeoning, piercing, and slashing damage.\n",
    "higher_levels": "",
    "window_open": false
  },
  {
    "name": "Storm Sphere",
    "level": 4,
    "ritual": false,
    "school": "Evocation",
    "casting_time": "1 action",
    "target": "A creature of your choice that you can see within range",
    "range": "150 feet",
    "components": "V, S",
    "duration": "(Concentration) Up to 1 minute ",
    "classes": [
      "Sorcerer",
      "Wizard"
    ],
    "description": "A 20-foot-radius sphere of whirling air springs into existence centered on a point you choose within range. The sphere remains for the spell's duration. Each creature in the sphere when it appears or that ends its turn there must succeed on a Strength saving throw or take 2d6 bludgeoning damage. The sphere's space is difficult terrain.\nUntil the spell ends, you can use a bonus action on each of your turns to cause a bolt of lightning to leap from the center of the sphere toward one creature you choose within 60 feet of the center. Make a ranged spell attack. You have advantage on the attack roll if the target is in the sphere. On a hit, the target takes 4d6 lightning damage.\nCreatures within 30 feet of the sphere have disadvantage on Wisdom (Perception) checks made to listen.\n",
    "higher_levels": "When you cast this spell using a spell slot of 5th level or higher, the damage increases for each of its effects by 1d6 for each slot level above 4th.\n",
    "window_open": false
  },
  {
    "name": "Vitriolic Sphere",
    "level": 4,
    "ritual": false,
    "school": "Evocation",
    "casting_time": "1 action",
    "target": "A creature of your choice that you can see within range",
    "range": "150 feet",
    "components": "V, S, M",
    "duration": "Instantaneous",
    "classes": [
      "Sorcerer",
      "Wizard"
    ],
    "description": "You point at a place within range, and a glowing 1-foot ball of emerald acid streaks there and explodes in a 20-foot radius. Each creature in that area must make a Dexterity saving throw. On a failed save, a creature takes 10d4 acid damage and 5d4 acid damage at the end of its next turn. On a successful save, a creature takes half the initial damage and no damage at the end of its next turn.\n",
    "higher_levels": "When you cast this spell using a spell slot of 5th level or higher, the initial damage increases by 2d4 for each slot level above 4th.\n",
    "window_open": false
  },
  {
    "name": "Wall of Fire",
    "level": 4,
    "ritual": false,
    "school": "Evocation",
    "casting_time": "1 action",
    "target": "A creature of your choice that you can see within range",
    "range": "120 feet",
    "components": "V, S, M",
    "duration": "(Concentration) Up to 1 minute ",
    "classes": [
      "Cleric",
      "Druid",
      "Sorcerer",
      "Warlock",
      "Wizard"
    ],
    "description": "You create a wall of fire on a solid surface within range. You can make the wall up to 60 feet long, 20 feet high, and 1 foot thick, or a ringed wall up to 20 feet in diameter, 20 feet high, and 1 foot thick. The wall is opaque and lasts for the duration.\nWhen the wall appears, each creature within its area must make a Dexterity saving throw. On a failed save, a creature takes 5d8 fire damage, or half as much damage on a successful save.\nOne side of the wall, selected by you when you cast this spell, deals 5d8 fire damage to each creature that ends its turn within 10 feet o f that side or inside the wall. A creature takes the same damage when it enters the wall for the first time on a turn or ends its turn there. The other side o f the wall deals no damage.\nThe other side of the wall deals no damage.\n",
    "higher_levels": "When you cast this spell using a level spell slot 5 or more, the damage of the spell increases by 1d8 for each level of higher spell slot to 4.\n",
    "window_open": false
  },
  {
    "name": "Watery Sphere",
    "level": 4,
    "ritual": false,
    "school": "Conjuration",
    "casting_time": "1 action",
    "target": "A creature of your choice that you can see within range",
    "range": "90 feet",
    "components": "V, S, M",
    "duration": "(Concentration) Up to 1 minute ",
    "classes": [
      "Druid",
      "Sorcerer",
      "Wizard"
    ],
    "description": "You conjure up a sphere of water with a 10-foot radius on a point you can see within range. The sphere can hover in the air, but no more than 10 feet off the ground. The sphere remains for the spell's duration.\nAny creature in the sphere's space must make a Strength saving throw. On a successful save, a creature is ejected from that space to the nearest unoccupied space outside it. A Huge or larger creature succeeds on the saving throw automatically. On a failed save, a creature is restrained by the sphere and is engulfed by the water. At the end of each of its turns, a restrained target can repeat the saving throw.\nThe sphere can restrain a maximum of four Medium or smaller creatures or one Large creature. If the sphere restrains a creature in excess of these numbers, a random creature that was already restrained by the sphere falls out of it and lands prone in a space within 5 feet of it.\nAs an action, you can move the sphere up to 30 feet in a straight line. If it moves over a pit, cliff, or other drop, it safely descends until it is hovering 10 feet over ground. Any creature restrained by the sphere moves with it. You can ram the sphere into creatures, forcing them to make the saving throw, but no more than once per turn.\nWhen the spell ends, the sphere falls to the ground and extinguishes all normal flames within 30 feet of it. Any creature restrained by the sphere is knocked prone in the space where it falls.\n",
    "higher_levels": "",
    "window_open": false
  }
]